-- phpMyAdmin SQL Dump
-- version 3.3.10.4
-- http://www.phpmyadmin.net
--
-- Servidor: mysql.revistaphp.com.br
-- Tempo de Geração: Abr 08, 2012 as 10:26 AM
-- Versão do Servidor: 5.1.53
-- Versão do PHP: 5.2.17

SET SQL_MODE="NO_AUTO_VALUE_ON_ZERO";


/*!40101 SET @OLD_CHARACTER_SET_CLIENT=@@CHARACTER_SET_CLIENT */;
/*!40101 SET @OLD_CHARACTER_SET_RESULTS=@@CHARACTER_SET_RESULTS */;
/*!40101 SET @OLD_COLLATION_CONNECTION=@@COLLATION_CONNECTION */;
/*!40101 SET NAMES utf8 */;

--
-- Banco de Dados: `artefatos`
--

-- --------------------------------------------------------

--
-- Estrutura da tabela `tbl_marcas`
--

CREATE TABLE IF NOT EXISTS `tbl_marcas` (
  `id` bigint(20) unsigned NOT NULL AUTO_INCREMENT,
  `tipo` smallint(3) NOT NULL,
  `marca` varchar(30) NOT NULL,
  PRIMARY KEY (`id`)
) ENGINE=MyISAM  DEFAULT CHARSET=utf8 AUTO_INCREMENT=201 ;

--
-- Extraindo dados da tabela `tbl_marcas`
--

INSERT INTO `tbl_marcas` (`id`, `tipo`, `marca`) VALUES
(1, 1, 'CHEVROLET'),
(2, 1, 'CITRO&Euml;N'),
(3, 1, 'FIAT'),
(4, 1, 'FORD'),
(5, 1, 'HONDA'),
(6, 1, 'MITSUBISHI'),
(7, 1, 'PEUGEOT'),
(8, 1, 'RENAULT'),
(9, 1, 'TOYOTA'),
(10, 1, 'VOLKSWAGEN'),
(11, 1, ''),
(12, 1, 'ACURA'),
(13, 1, 'ADAMO'),
(14, 1, 'AGRALE'),
(15, 1, 'ALFA ROMEO'),
(16, 1, 'AMERICAR'),
(17, 1, 'ASIA'),
(18, 1, 'ASTON MARTIN'),
(19, 1, 'AUDI'),
(20, 1, 'AUSTIN'),
(21, 1, 'BAJA'),
(22, 1, 'BEACH'),
(23, 1, 'BENTLEY'),
(24, 1, 'BIANCO'),
(25, 1, 'BMW'),
(26, 1, 'BRM'),
(27, 1, 'BUGWAY'),
(28, 1, 'BUICK'),
(29, 1, 'CADILLAC'),
(30, 1, 'CBT'),
(31, 1, 'CHAMONIX'),
(32, 1, 'CHANA'),
(33, 1, 'CHRYSLER'),
(34, 1, 'CORD'),
(35, 1, 'CROSS LANDER'),
(36, 1, 'DAEWOO'),
(37, 1, 'DAIHATSU'),
(38, 1, 'DKW-VEMAG'),
(39, 1, 'DODGE'),
(40, 1, 'DUNNAS'),
(41, 1, 'EFFA'),
(42, 1, 'ENGESA'),
(43, 1, 'ENVEMO'),
(44, 1, 'FARUS'),
(45, 1, 'FERRARI'),
(46, 1, 'FNM'),
(47, 1, 'FYBER'),
(48, 1, 'GEO'),
(49, 1, 'GMC'),
(50, 1, 'GRANCAR VE&Iacute;CULOS'),
(51, 1, 'GURGEL'),
(52, 1, 'HUMMER'),
(53, 1, 'HYUNDAI'),
(54, 1, 'INFINITI'),
(55, 1, 'INTERNATIONAL'),
(56, 1, 'ISUZU'),
(57, 1, 'IVECO'),
(58, 1, 'JAGUAR'),
(59, 1, 'JEEP'),
(60, 1, 'JPX'),
(61, 1, 'KIA'),
(62, 1, 'LADA'),
(63, 1, 'LAMBORGHINI'),
(64, 1, 'LANCIA'),
(65, 1, 'LAND ROVER'),
(66, 1, 'LEXUS'),
(67, 1, 'LINCOLN'),
(68, 1, 'LOBINI'),
(69, 1, 'LOTUS'),
(70, 1, 'MARCOPOLO'),
(71, 1, 'MARINA&acute;S'),
(72, 1, 'MASERATI'),
(73, 1, 'MATRA'),
(74, 1, 'MAZDA'),
(75, 1, 'MERCEDES-BENZ'),
(76, 1, 'MERCURY'),
(77, 1, 'MG'),
(78, 1, 'MINI'),
(79, 1, 'MIURA'),
(80, 1, 'MORRIS'),
(81, 1, 'MP LAFER'),
(82, 1, 'NISSAN'),
(83, 1, 'OLDSMOBILE'),
(84, 1, 'OPEL'),
(85, 1, 'PLYMOUTH'),
(86, 1, 'PONTIAC'),
(87, 1, 'PORSCHE'),
(88, 1, 'PUMA'),
(89, 1, 'ROLLS-ROYCE'),
(90, 1, 'ROMI'),
(91, 1, 'ROVER'),
(92, 1, 'SAAB'),
(93, 1, 'SANTA MATILDE'),
(94, 1, 'SATURN'),
(95, 1, 'SEAT'),
(96, 1, 'SHELBY'),
(97, 1, 'SHORT'),
(98, 1, 'SIMCA'),
(99, 1, 'SMART'),
(100, 1, 'SSANGYONG'),
(101, 1, 'STUDEBAKER'),
(102, 1, 'SUBARU'),
(103, 1, 'SUZUKI'),
(104, 1, 'TROLLER'),
(105, 1, 'UNIMOG'),
(106, 1, 'VOLVO'),
(107, 1, 'WALK'),
(108, 1, 'WILLYS'),
(109, 2, 'AGRALE'),
(110, 2, 'BMW'),
(111, 2, 'DUCATI'),
(112, 2, 'HARLEY-DAVIDSON'),
(113, 2, 'HONDA'),
(114, 2, 'KASINSKI'),
(115, 2, 'KAWASAKI'),
(116, 2, 'SUNDOWN'),
(117, 2, 'SUZUKI'),
(118, 2, 'TRIUMPH'),
(119, 2, 'YAMAHA'),
(121, 2, 'AJS'),
(122, 2, 'AMAZONAS'),
(123, 2, 'AME AMAZONAS'),
(124, 2, 'APRILIA'),
(125, 2, 'BAJAJ'),
(126, 2, 'BASHAN'),
(127, 2, 'BENELLI'),
(128, 2, 'BIMOTA'),
(130, 2, 'BRANDY'),
(131, 2, 'BRP'),
(132, 2, 'BUELL'),
(133, 2, 'BY CRISTO'),
(134, 2, 'CAGIVA'),
(135, 2, 'CALOI'),
(136, 2, 'CHONGQING'),
(137, 2, 'DAELIM'),
(138, 2, 'DAFRA'),
(139, 2, 'DAYUN'),
(140, 2, 'DERBI'),
(142, 2, 'EMME'),
(143, 2, 'FOX'),
(144, 2, 'FYM'),
(145, 2, 'GARINNI'),
(146, 2, 'GAS GAS'),
(147, 2, 'GILERA'),
(148, 2, 'GREEN'),
(149, 2, 'GUZZI'),
(150, 2, 'HAOBAO'),
(152, 2, 'HARTFORD'),
(154, 2, 'HUSABERG'),
(155, 2, 'HUSQVARNA'),
(156, 2, 'IROS'),
(157, 2, 'JAWA'),
(158, 2, 'JIAPENG VOLCANO'),
(159, 2, 'JONNY'),
(160, 2, 'KAHENA'),
(163, 2, 'KIMCO'),
(164, 2, 'KIN'),
(165, 2, 'KTM'),
(166, 2, 'L AQUILA'),
(167, 2, 'LAMBRETTA'),
(168, 2, 'LEOPARD'),
(169, 2, 'LON-V'),
(170, 2, 'MALAGUTI'),
(171, 2, 'MBW'),
(172, 2, 'MIZA'),
(173, 2, 'MONTESA'),
(174, 2, 'MOTO GUZZI'),
(175, 2, 'MOTOR-Z'),
(176, 2, 'MOTOVI'),
(177, 2, 'MRX'),
(178, 2, 'MV AGUSTA'),
(179, 2, 'MVK'),
(180, 2, 'ORCA'),
(181, 2, 'PEGASSI'),
(182, 2, 'PEUGEOT'),
(183, 2, 'PIAGGIO'),
(184, 2, 'POLARIS'),
(185, 2, 'REGAL RAPTOR'),
(186, 2, 'RIGUETE'),
(187, 2, 'SACHS'),
(188, 2, 'SANYANG'),
(189, 2, 'SHINERAY'),
(190, 2, 'SIAMOTO'),
(193, 2, 'TRAXX'),
(195, 2, 'VENTO'),
(196, 2, 'WUYANG'),
(198, 2, 'YINGANG'),
(199, 2, 'ZEJHIANG'),
(200, 2, 'ZHONGYU');

-- --------------------------------------------------------

--
-- Estrutura da tabela `tbl_modelos`
--

CREATE TABLE IF NOT EXISTS `tbl_modelos` (
  `id` bigint(20) unsigned NOT NULL AUTO_INCREMENT,
  `marca` int(11) NOT NULL,
  `modelo` varchar(30) NOT NULL,
  PRIMARY KEY (`id`)
) ENGINE=MyISAM  DEFAULT CHARSET=utf8 AUTO_INCREMENT=2271 ;

--
-- Extraindo dados da tabela `tbl_modelos`
--

INSERT INTO `tbl_modelos` (`id`, `marca`, `modelo`) VALUES
(1, 1, 'ZAFIRA'),
(2, 1, 'RAMONA'),
(3, 1, 'PRISMA'),
(4, 1, 'PICKUP'),
(5, 1, 'OPALA'),
(6, 1, 'OMEGA'),
(7, 1, 'MONZA'),
(8, 1, 'MONTANA'),
(9, 1, 'MERIVA'),
(10, 1, 'MARAJ'),
(11, 1, 'LUMINA'),
(12, 1, 'KADETT'),
(13, 1, 'IPANEMA'),
(14, 1, 'IMPALA'),
(15, 1, 'S10'),
(16, 1, 'S10 4X4'),
(17, 1, 'SATURN'),
(18, 1, 'VERANEIO'),
(19, 1, 'VECTRA'),
(20, 1, 'TRAFIC'),
(21, 1, 'TRACKER'),
(22, 1, 'TIGRA'),
(23, 1, 'SYCLONE'),
(24, 1, 'SUPREMA'),
(25, 1, 'SUBURBAN'),
(26, 1, 'SSR'),
(27, 1, 'SS'),
(28, 1, 'SPORT VAN'),
(29, 1, 'SPACE VAN'),
(30, 1, 'SILVERADO'),
(31, 1, 'GRAND BLAZER'),
(32, 1, 'FLEETLINE'),
(33, 1, 'D40'),
(34, 1, 'C20'),
(35, 1, 'C15'),
(36, 1, 'C14'),
(37, 1, 'C10'),
(38, 1, 'BUICK'),
(39, 1, 'BRASINCA'),
(40, 1, 'BONANZA'),
(41, 1, 'BLAZER'),
(42, 1, 'BEL AIR'),
(43, 1, 'ASTROVAN'),
(44, 1, 'ASTRA'),
(45, 1, 'A20'),
(46, 1, 'A10'),
(47, 1, '3100'),
(48, 1, 'CALIBRA'),
(49, 1, 'CAMARO'),
(50, 1, 'D20'),
(51, 1, 'D10'),
(52, 1, 'CORVETTE'),
(53, 1, 'CORSICA'),
(54, 1, 'CORSA'),
(55, 1, 'COLORADO'),
(56, 1, 'CLASSIC'),
(57, 1, 'CHEVY 500'),
(58, 1, 'CAPRICE'),
(59, 1, 'CARAVAN'),
(60, 1, 'CAVALIER'),
(61, 1, 'CELTA'),
(62, 1, 'CHEVELLE'),
(63, 1, 'CHEVETTE'),
(64, 2, 'EVASION'),
(65, 2, 'JUMPER'),
(66, 2, 'XANTIA'),
(67, 2, 'XM'),
(68, 2, 'XSARA'),
(69, 2, 'XSARA PICASSO'),
(70, 2, 'ZX'),
(71, 2, 'C8'),
(72, 2, 'C6'),
(73, 2, '3 CV'),
(74, 2, 'AX'),
(75, 2, 'BERLINGO'),
(76, 2, 'BX'),
(77, 2, 'C3'),
(78, 2, 'C4'),
(79, 2, 'C5'),
(80, 3, 'OGGI'),
(81, 3, 'PALIO'),
(82, 3, 'PANORAMA'),
(83, 3, 'PREMIO'),
(84, 3, 'PUNTO'),
(85, 3, 'SIENA'),
(86, 3, 'SPAZIO'),
(87, 3, 'STILO'),
(88, 3, 'STRADA'),
(89, 3, 'TEMPRA'),
(90, 3, 'TIPO'),
(91, 3, 'UNO'),
(92, 3, 'NOVO DUCATO'),
(93, 3, 'MAREA'),
(94, 3, 'IDEA'),
(95, 3, '124'),
(96, 3, '147'),
(97, 3, '600'),
(98, 3, 'BRAVA'),
(99, 3, 'CINQUECENTO'),
(100, 3, 'COUPÉ'),
(101, 3, 'DARDO'),
(102, 3, 'FIORINO'),
(103, 3, 'ELBA'),
(104, 3, 'DUNA'),
(105, 3, 'DUCATO'),
(106, 3, 'DOBLÒ'),
(107, 4, 'CONTOUR'),
(108, 4, 'CORCEL'),
(109, 4, 'CORCEL II'),
(110, 4, 'COURIER'),
(111, 4, 'CROWN VICTORIA'),
(112, 4, 'CUPÊ'),
(113, 4, 'DEL REY'),
(114, 4, 'ECOSPORT'),
(115, 4, 'ESCORT'),
(116, 4, 'EXPEDITION'),
(117, 4, 'EXPLORER'),
(118, 4, 'CONSUL'),
(119, 4, 'COBRA'),
(120, 4, 'CLUB WAGON'),
(121, 4, 'WINDSTAR'),
(122, 4, 'VICTORIA'),
(123, 4, 'VERSAILLES'),
(124, 4, 'VERONA'),
(125, 4, 'TUDOR'),
(126, 4, 'THUNDERBIRD'),
(127, 4, 'TAURUS'),
(128, 4, 'RURAL'),
(129, 4, 'AEROSTAR'),
(130, 4, 'ASPIRE'),
(131, 4, 'BELINA'),
(132, 4, 'EXPLORER XLT'),
(133, 4, 'F-1'),
(134, 4, 'JEEP'),
(135, 4, 'KA'),
(136, 4, 'LANDAU'),
(137, 4, 'MAVERICK'),
(138, 4, 'MUSTANG'),
(139, 4, 'ROYALE'),
(140, 4, 'RANGER'),
(141, 4, 'PROBE'),
(142, 4, 'PAMPA'),
(143, 4, 'MONDEO'),
(144, 4, 'MODELO T'),
(145, 4, 'IBIZA'),
(146, 4, 'GALAXIE'),
(147, 4, 'F-100'),
(148, 4, 'F-1000'),
(149, 4, 'F-150'),
(150, 4, 'F-250'),
(151, 4, 'F-350'),
(152, 4, 'F-75'),
(153, 4, 'F3 PICK UP'),
(154, 4, 'FIESTA'),
(155, 4, 'FOCUS'),
(156, 4, 'FURGLAINE'),
(157, 4, 'FUSION'),
(158, 4, 'MODELO A'),
(159, 5, 'PRELUDE'),
(160, 5, 'ACCORD'),
(161, 5, 'CIVIC'),
(162, 5, 'CRV'),
(163, 5, 'FIT'),
(164, 5, 'LEGEND'),
(165, 5, 'ODYSSEY'),
(166, 5, 'PASSPORT'),
(167, 6, 'SPACE WAGON'),
(168, 6, 'PAJERO'),
(169, 6, 'OUTLANDER'),
(170, 6, 'MONTERO'),
(171, 6, 'MIRAGE'),
(172, 6, '3000 GT'),
(173, 6, 'AIRTREK'),
(174, 6, 'COLT'),
(175, 6, 'DIAMANT'),
(176, 6, 'ECLIPSE'),
(177, 6, 'EXPO'),
(178, 6, 'GALANT'),
(179, 6, 'GRANDIS'),
(180, 6, 'LANCER'),
(181, 6, 'L300'),
(182, 6, 'L200'),
(183, 7, '309'),
(184, 7, 'GRD'),
(185, 7, 'PARTNER'),
(186, 7, '306'),
(187, 7, '206'),
(188, 7, '205'),
(189, 7, '106'),
(190, 7, '807'),
(191, 7, 'GD'),
(192, 7, 'BOXER'),
(193, 7, '320'),
(194, 7, '405'),
(195, 7, '406'),
(196, 7, '407'),
(197, 7, '504'),
(198, 7, '505'),
(199, 7, '605'),
(200, 7, '607'),
(201, 7, '806'),
(202, 7, '307'),
(203, 8, '807'),
(204, 8, 'BOXER'),
(205, 8, 'GD'),
(206, 8, 'GRD'),
(207, 8, 'PARTNER'),
(208, 8, '806'),
(209, 8, '607'),
(210, 8, '106'),
(211, 8, '205'),
(212, 8, '206'),
(213, 8, '306'),
(214, 8, '307'),
(215, 8, '309'),
(216, 8, '320'),
(217, 8, '405'),
(218, 8, '605'),
(219, 8, '505'),
(220, 8, '504'),
(221, 8, '407'),
(222, 8, '406'),
(223, 9, 'LEXUS'),
(224, 9, 'MR-2'),
(225, 9, 'PASEO'),
(226, 9, 'PREVIA'),
(227, 9, 'RAV4'),
(228, 9, 'SIENNA'),
(229, 9, 'SUPRA'),
(230, 9, 'T-100'),
(231, 9, 'TUNDRA'),
(232, 9, 'LAND CRUISER PRADO'),
(233, 9, 'LAND'),
(234, 9, 'HILUX SW4'),
(235, 9, '4RUNNER'),
(236, 9, 'BANDEIRANTE'),
(237, 9, 'BJ'),
(238, 9, 'CAMRY'),
(239, 9, 'CELICA'),
(240, 9, 'COROLLA'),
(241, 9, 'CORONA'),
(242, 9, 'FIELDER'),
(243, 9, 'HILUX'),
(244, 10, 'POLO SEDAN'),
(245, 10, 'POLO'),
(246, 10, 'POINTER'),
(247, 10, 'PASSAT'),
(248, 10, 'PARATI'),
(249, 10, 'PAG NICK'),
(250, 10, 'NEW BEETLE'),
(251, 10, 'LOGUS'),
(252, 10, 'QUANTUM'),
(253, 10, 'SANTANA'),
(254, 10, 'SAVEIRO'),
(255, 10, 'VOYAGE'),
(256, 10, 'VARIANT II'),
(257, 10, 'VARIANT'),
(258, 10, 'VAN'),
(259, 10, 'TOUAREG'),
(260, 10, 'TL'),
(261, 10, 'SPACEFOX'),
(262, 10, 'SP'),
(263, 10, 'KOMBI'),
(264, 10, 'KARMANN-GHIA'),
(265, 10, 'BUGGY'),
(266, 10, 'BRASILIA'),
(267, 10, 'BORA'),
(268, 10, 'BIANCO'),
(269, 10, 'APOLLO'),
(270, 10, '1600'),
(271, 10, '1300'),
(272, 10, '1200'),
(273, 10, 'BUGRE'),
(274, 10, 'CARAVELLE'),
(275, 10, 'CORRADO'),
(276, 10, 'JETTA III'),
(277, 10, 'GOLF'),
(278, 10, 'GOL'),
(279, 10, 'FUSCA'),
(280, 10, 'FOX'),
(281, 10, 'EUROVAN'),
(282, 10, 'CROSSFOX'),
(283, 10, 'COYOTE'),
(284, 12, 'NSX'),
(285, 12, 'LEGEND'),
(286, 12, 'INTEGRA'),
(287, 13, 'COUPÉ'),
(288, 14, 'FURGOVAN'),
(289, 14, 'MARRUÁ'),
(290, 15, '2300 SL'),
(291, 15, '2300 Ti'),
(292, 15, '2300 Ti4'),
(293, 15, 'ALFETTA'),
(294, 15, 'GIULIETTA'),
(295, 15, 'SPIDER'),
(296, 15, '2300 B'),
(297, 15, '1750'),
(298, 15, '145'),
(299, 15, '147'),
(300, 15, '155'),
(301, 15, '156'),
(302, 15, '164'),
(303, 15, '166'),
(304, 16, 'CLASSIC 427'),
(305, 16, 'CLASSIC XK120'),
(306, 17, 'TOWNER'),
(307, 17, 'TOPIC'),
(308, 17, 'ROCSTA'),
(309, 17, 'HI-TOPIC'),
(310, 17, 'GALLOPER'),
(311, 17, 'AM 825'),
(312, 18, 'DB7'),
(313, 18, 'V8 VANTAGE '),
(314, 19, 'RS2'),
(315, 19, 'RS4'),
(316, 19, 'RS6'),
(317, 19, 'S3'),
(318, 19, 'S4'),
(319, 19, 'S6'),
(320, 19, 'S8'),
(321, 19, 'TT'),
(322, 19, 'Q7'),
(323, 19, 'AVANT'),
(324, 19, '100'),
(325, 19, '80'),
(326, 19, 'A2'),
(327, 19, 'A3'),
(328, 19, 'A4'),
(329, 19, 'A6'),
(330, 19, 'A8'),
(331, 19, 'ALLROAD'),
(332, 20, 'A40'),
(333, 21, 'BUGGY'),
(334, 22, 'BABY TST'),
(335, 22, 'BABY'),
(336, 23, 'BROOKLANDS'),
(337, 23, 'CONTINENTAL'),
(338, 24, 'S'),
(339, 25, '650Ci'),
(340, 25, '650i'),
(341, 25, '730i'),
(342, 25, '730iA'),
(343, 25, '735i'),
(344, 25, '735IL E32 '),
(345, 25, '740i'),
(346, 25, '650'),
(347, 25, '645CI'),
(348, 25, '635CSi'),
(349, 25, '550i'),
(350, 25, '545i'),
(351, 25, '540iTA'),
(352, 25, '540iA'),
(353, 25, '540i'),
(354, 25, '535i'),
(355, 25, '740iL'),
(356, 25, '745i'),
(357, 25, 'Z4'),
(358, 25, 'Z3'),
(359, 25, 'Z1'),
(360, 25, 'X5'),
(361, 25, 'X3'),
(362, 25, 'NEW CLASS'),
(363, 25, 'M6'),
(364, 25, 'M5'),
(365, 25, 'M3'),
(366, 25, 'ISETTA'),
(367, 25, '850CSi'),
(368, 25, '850Ci'),
(369, 25, '840Ci'),
(370, 25, '760Li'),
(371, 25, '750i'),
(372, 25, 'Z8'),
(373, 25, '530i'),
(374, 25, '120i'),
(375, 25, '323i'),
(376, 25, '323CiA'),
(377, 25, '323Ci'),
(378, 25, '320i'),
(379, 25, '318TiA'),
(380, 25, '318Ti'),
(381, 25, '318iSA'),
(382, 25, '318iS'),
(383, 25, '318i'),
(384, 25, '316i'),
(385, 25, '2002'),
(386, 25, '1802'),
(387, 25, '1602'),
(388, 25, '1600'),
(389, 25, '130i'),
(390, 25, '323iA'),
(391, 25, '323Ti'),
(392, 25, '528iL'),
(393, 25, '528iA'),
(394, 25, '528i'),
(395, 25, '525iA'),
(396, 25, '525i'),
(397, 25, '520i'),
(398, 25, '335i'),
(399, 25, '330iA'),
(400, 25, '330i'),
(401, 25, '325Ci'),
(402, 25, '325i'),
(403, 25, '325iA'),
(404, 25, '328i'),
(405, 25, '328iA'),
(406, 25, '330Ci'),
(407, 25, '330CiA'),
(408, 26, 'M-8'),
(409, 26, 'M-12'),
(410, 26, 'M-11'),
(411, 26, 'M-10 1/2'),
(412, 26, 'M-10'),
(413, 27, 'BUGGY'),
(414, 28, 'SPORTWAGON'),
(415, 28, 'ROADSTER'),
(416, 28, 'RIVIERA'),
(417, 28, 'REGAL'),
(418, 28, 'DINAFLOW'),
(419, 28, 'CENTURY'),
(420, 29, 'SRX'),
(421, 29, 'SEVILLE'),
(422, 29, 'LIMOUSINE'),
(423, 29, 'ESCALADE'),
(424, 29, 'ELDORADO'),
(425, 29, 'DE VILLE'),
(426, 29, 'BROUGHAM'),
(427, 30, 'JIPE JAVALI'),
(428, 31, 'SPEEDSTER'),
(429, 31, 'SPYDER'),
(430, 31, 'SUPER 90'),
(431, 32, 'UTILITY'),
(432, 32, 'FAMILY'),
(433, 32, 'CARGO X-CAB'),
(434, 32, 'CARGO'),
(435, 33, 'PACIFICA'),
(436, 33, 'PT CRUISER'),
(437, 33, 'SEBRING'),
(438, 33, 'STRATUS'),
(439, 33, 'TOWN & COUNTRY'),
(440, 33, 'VISION'),
(441, 33, 'VOYAGER'),
(442, 33, 'NEON'),
(443, 33, 'LE BARON'),
(444, 33, '300 C'),
(445, 33, '300 M'),
(446, 33, 'CARAVAN'),
(447, 33, 'CIRRUS'),
(448, 33, 'CONCORDE'),
(449, 33, 'DE SOTO'),
(450, 33, 'GRAND CARAVAN'),
(451, 34, 'RÉPLICA'),
(452, 35, 'CL'),
(453, 36, 'TICO'),
(454, 36, 'SUPER SALON'),
(455, 36, 'RACER'),
(456, 36, 'PRINCE'),
(457, 36, 'NUBIRA'),
(458, 36, 'LEGANZA'),
(459, 36, 'LANOS'),
(460, 36, 'ESPERO'),
(461, 37, 'TERIOS'),
(462, 37, 'APPLAUSE'),
(463, 37, 'CHARADE'),
(464, 37, 'CUORE'),
(465, 37, 'FEROZA'),
(466, 37, 'GRAN MOVE'),
(467, 37, 'MOVE VAN'),
(468, 38, 'VEMAGUET'),
(469, 38, 'FISSORE'),
(470, 38, 'CANDANGO'),
(471, 38, 'BELCAR'),
(472, 39, 'VIPER'),
(473, 39, 'STEALTH'),
(474, 39, 'RAM'),
(475, 39, 'POLARA'),
(476, 39, 'MAGNUM'),
(477, 39, 'LE BARON'),
(478, 39, 'INTREPID'),
(479, 39, 'DURANGO'),
(480, 39, 'DART'),
(481, 39, 'DAKOTA'),
(482, 39, 'CHARGER'),
(483, 39, 'AVENGER'),
(484, 40, 'BUGUE'),
(485, 41, 'FURGÃO'),
(486, 41, 'M100'),
(487, 41, 'MINIVAN'),
(488, 41, 'VAN PICKUP'),
(489, 42, 'ENGESA'),
(490, 43, 'SUPER 90'),
(491, 43, 'ENVEMO'),
(492, 43, 'CAMPER'),
(493, 45, 'F550'),
(494, 45, 'F512 M'),
(495, 45, 'F50'),
(496, 45, 'F456 M'),
(497, 45, 'F456'),
(498, 45, 'F430'),
(499, 45, 'F40'),
(500, 45, 'F360'),
(501, 45, 'F355 F1'),
(502, 45, 'F355'),
(503, 45, 'DINO 308'),
(504, 45, 'DINO 246 GT'),
(505, 45, '612'),
(506, 45, '348'),
(507, 45, 'F575M'),
(508, 46, '2000'),
(509, 48, 'METRO'),
(510, 48, 'STORM'),
(511, 49, 'YUKON'),
(512, 49, 'SS'),
(513, 49, 'SONOMA'),
(514, 49, 'SILVERADO'),
(515, 49, 'SIERRA'),
(516, 49, 'ENVOY'),
(517, 49, 'CHEYENNE'),
(518, 49, 'BLAZER'),
(519, 49, '3500 HD'),
(520, 50, 'FUTURA'),
(521, 51, 'XEF'),
(522, 51, 'XAVANTE'),
(523, 51, 'X12'),
(524, 51, 'SUPERMINI '),
(525, 51, 'G800'),
(526, 51, 'G-15'),
(527, 51, 'CARAJÁS'),
(528, 51, 'BR-800'),
(529, 52, 'H3'),
(530, 52, 'H2'),
(531, 52, 'AM'),
(532, 53, 'SANTA FÉ'),
(533, 53, 'SCOUPE'),
(534, 53, 'SONATA'),
(535, 53, 'TERRACAN'),
(536, 53, 'TIBURON'),
(537, 53, 'TRAJET'),
(538, 53, 'TUCSON'),
(539, 53, 'VERA CRUZ'),
(540, 53, 'PORTER'),
(541, 53, 'MATRIX'),
(542, 53, 'HR '),
(543, 53, 'ACCENT'),
(544, 53, 'ATOS'),
(545, 53, 'COUPÊ'),
(546, 53, 'ELANTRA'),
(547, 53, 'EXCEL'),
(548, 53, 'GALLOPER'),
(549, 53, 'H1 STAREX'),
(550, 53, 'H100'),
(551, 54, 'Q45'),
(552, 54, 'J30'),
(553, 54, 'G35 '),
(554, 54, 'FX45'),
(555, 54, 'FX35'),
(556, 56, 'AMIGO'),
(557, 56, 'HOMBRE'),
(558, 56, 'IMPULSE'),
(559, 56, 'RODEO'),
(560, 56, 'TROOPER'),
(561, 57, 'DAILY 50.13'),
(562, 57, 'DAILY'),
(563, 57, '5912'),
(564, 58, 'XJ6'),
(565, 58, 'XJ8'),
(566, 58, 'XJR'),
(567, 58, 'XJS'),
(568, 58, 'XK'),
(569, 58, 'XK 120'),
(570, 58, 'XK8'),
(571, 58, 'XK8 AUTO'),
(572, 58, 'XKR'),
(573, 58, 'XJ12L'),
(574, 58, 'XJ12'),
(575, 58, 'DAIMLER'),
(576, 58, 'DAIMLER LONG'),
(577, 58, 'EXECUTIVE'),
(578, 58, 'LISTER'),
(579, 58, 'S-TYPE'),
(580, 58, 'SOVEREIGN LONG'),
(581, 58, 'X-TYPE'),
(582, 58, 'XJ'),
(583, 58, 'XJ-S'),
(584, 59, 'WRANGLER'),
(585, 59, 'LIBERTY'),
(586, 59, 'GRAND CHEROKEE'),
(587, 59, 'COMMANDER'),
(588, 59, 'CJ 5'),
(589, 59, 'CHEROKEE'),
(590, 60, 'MONTEZ'),
(591, 61, 'OPIRUS'),
(592, 61, 'PICANTO'),
(593, 61, 'SEPHIA'),
(594, 61, 'SHUMA'),
(595, 61, 'SORENTO'),
(596, 61, 'SPORTAGE'),
(597, 61, 'MAGENTIS'),
(598, 61, 'CLARUS'),
(599, 61, 'CERES'),
(600, 61, 'Cerato'),
(601, 61, 'CARNIVAL'),
(602, 61, 'CARENS'),
(603, 61, 'BONGO'),
(604, 61, 'BESTA'),
(605, 62, 'SAMARA'),
(606, 62, 'NIVA'),
(607, 62, 'LAIKA'),
(608, 63, 'DIABLO'),
(609, 63, 'GALLARDO'),
(610, 63, 'MURCIELAGO'),
(611, 64, 'DELTA'),
(612, 65, 'RANGE ROVER SPORT'),
(613, 65, 'RANGE ROVER'),
(614, 65, 'FREELANDER'),
(615, 65, 'DISCOVERY 3'),
(616, 65, 'DISCOVERY 2'),
(617, 65, 'DISCOVERY'),
(618, 65, 'DEFENDER'),
(619, 66, 'SC 430'),
(620, 66, 'SC 400'),
(621, 66, 'SC 300'),
(622, 66, 'RX 350'),
(623, 66, 'RX'),
(624, 66, 'LS 400'),
(625, 66, 'LS'),
(626, 66, 'GS'),
(627, 66, 'ES 350'),
(628, 66, 'ES'),
(629, 67, 'TOWN CAR'),
(630, 67, 'NAVIGATOR'),
(631, 67, 'MARK VIII'),
(632, 67, 'LS'),
(633, 67, 'CONTINENTAL'),
(634, 68, 'H1'),
(635, 69, 'ELAN'),
(636, 69, 'ELISE'),
(637, 69, 'ESPIRIT'),
(638, 69, 'EXIGE'),
(639, 70, 'VOLARE'),
(640, 70, 'FRATELLO'),
(641, 71, 'BEACH'),
(642, 71, 'SUPER'),
(643, 72, 'SPYDER'),
(644, 72, 'SHAMAL'),
(645, 72, 'QUATTROPORTE'),
(646, 72, 'GRANSPORT'),
(647, 72, 'GHIBLI'),
(648, 72, 'COUPÉ'),
(649, 72, '430'),
(650, 72, '4200'),
(651, 72, '3200'),
(652, 72, '222'),
(653, 73, 'PICK-UP'),
(654, 74, 'MX-5/MIATA'),
(655, 74, 'MX-6'),
(656, 74, 'NAVAJO'),
(657, 74, 'PROTEGÉ'),
(658, 74, 'RX-7'),
(659, 74, 'RX-8'),
(660, 74, 'XEDOS-9'),
(661, 74, 'MX-3'),
(662, 74, 'MX'),
(663, 74, '323'),
(664, 74, '626'),
(665, 74, '929'),
(666, 74, 'B-2200'),
(667, 74, 'B-2500'),
(668, 74, 'MILLENIA'),
(669, 74, 'MPV'),
(670, 75, 'E 500 EB4'),
(671, 75, 'E 500'),
(672, 75, 'E 430'),
(673, 75, 'E 420'),
(674, 75, 'E 350'),
(675, 75, 'E 320'),
(676, 75, 'E 240'),
(677, 75, 'E 55 AMG'),
(678, 75, 'E 55 K AMG'),
(679, 75, 'E 55 T AMG'),
(680, 75, 'E 65'),
(681, 75, 'G 350 TD'),
(682, 75, 'G 400 '),
(683, 75, 'G 400 CDI SW 2850'),
(684, 75, 'G 500'),
(685, 75, 'G 500 SW 2850'),
(686, 75, 'E 220'),
(687, 75, 'E 200'),
(688, 75, 'CLASSE A'),
(689, 75, 'CLK'),
(690, 75, 'CLK 230'),
(691, 75, 'CLK 320'),
(692, 75, 'CLK 350'),
(693, 75, 'CLK 350 CA'),
(694, 75, 'CLK 430'),
(695, 75, 'CLK 500'),
(696, 75, 'CLK 500 CA'),
(697, 75, 'CLK 55 AMG'),
(698, 75, 'CLK 55 AMG CA'),
(699, 75, 'CLS 350'),
(700, 75, 'CLS 500'),
(701, 75, 'CLS 55 AMG'),
(702, 75, 'CLS 63 AMG'),
(703, 75, 'CL 65'),
(704, 75, 'G 55 AMG SW 2850'),
(705, 75, 'MICROÔNIBUS'),
(706, 75, 'S 600'),
(707, 75, 'SL 280'),
(708, 75, 'SL 320'),
(709, 75, 'SL 350'),
(710, 75, 'SL 500'),
(711, 75, 'SL 55 AMG'),
(712, 75, 'SL 55 K AMG'),
(713, 75, 'SL 600'),
(714, 75, 'SL 65 AMG'),
(715, 75, 'SLK 200'),
(716, 75, 'SLK 230'),
(717, 75, 'SLK 320'),
(718, 75, 'SLK 350'),
(719, 75, 'SLK 55 AMG'),
(720, 75, 'SMART'),
(721, 75, 'S 55'),
(722, 75, 'S 500 L'),
(723, 75, 'ML'),
(724, 75, 'ML 230'),
(725, 75, 'ML 320'),
(726, 75, 'ML 350'),
(727, 75, 'ML 430'),
(728, 75, 'ML 500'),
(729, 75, 'ML 55 AMG'),
(730, 75, 'R 500'),
(731, 75, 'R 500 L'),
(732, 75, 'R 63 AMG'),
(733, 75, 'R 63 L AMG'),
(734, 75, 'S 280'),
(735, 75, 'S 320'),
(736, 75, 'S 420'),
(737, 75, 'S 500'),
(738, 75, 'SPRINTER'),
(739, 75, '170 D'),
(740, 75, '280 CE'),
(741, 75, '280 E'),
(742, 75, '280 S'),
(743, 75, '280 SE'),
(744, 75, '280 SEL'),
(745, 75, '280 SL'),
(746, 75, '280 TE SW'),
(747, 75, '300 CE'),
(748, 75, '300 D'),
(749, 75, '300 E'),
(750, 75, '300 SE'),
(751, 75, '300 SEL'),
(752, 75, '300 SL'),
(753, 75, '300 TD'),
(754, 75, '300 TE'),
(755, 75, '280 C'),
(756, 75, '260 E'),
(757, 75, '180 D'),
(758, 75, '190 D'),
(759, 75, '190 E'),
(760, 75, '200 B'),
(761, 75, '200 D'),
(762, 75, '220 C'),
(763, 75, '220 D'),
(764, 75, '220 E'),
(765, 75, '220 S'),
(766, 75, '230 E'),
(767, 75, '230 S'),
(768, 75, '230.4'),
(769, 75, '230.6'),
(770, 75, '240 D'),
(771, 75, '250 CE'),
(772, 75, '313'),
(773, 75, '320 E'),
(774, 75, 'CL 600'),
(775, 75, 'C 180 K'),
(776, 75, 'C 200'),
(777, 75, 'C 200 K'),
(778, 75, 'C 220'),
(779, 75, 'C 230'),
(780, 75, 'C 240'),
(781, 75, 'C 280'),
(782, 75, 'C 32 AMG'),
(783, 75, 'C 320'),
(784, 75, 'C 350'),
(785, 75, 'C 36 AMG'),
(786, 75, 'C 43 AMG'),
(787, 75, 'C 55 AMG'),
(788, 75, 'C 55 TAMG'),
(789, 75, 'CL 500'),
(790, 75, 'C 180'),
(791, 75, 'B 200'),
(792, 75, '320 SL'),
(793, 75, '350 SE'),
(794, 75, '350 SEL'),
(795, 75, '350 SL'),
(796, 75, '450 SE'),
(797, 75, '450 SEL'),
(798, 75, '450 SL'),
(799, 75, '450 SLC'),
(800, 75, '500 E'),
(801, 75, '600 SL'),
(802, 75, '560 SEL'),
(803, 75, '560 SEC'),
(804, 75, '500 SL'),
(805, 75, '500 SEL'),
(806, 75, '500 SEC'),
(807, 75, '500 SE'),
(808, 76, 'VILLAGER'),
(809, 76, 'SABLE'),
(810, 76, 'MYSTIQUE'),
(811, 76, 'COUGAR'),
(812, 77, 'MGB'),
(813, 77, 'TC'),
(814, 78, 'MORRIS'),
(815, 78, 'COOPER'),
(816, 79, 'X8'),
(817, 79, 'TOP SPORT'),
(818, 79, 'TARGA'),
(819, 79, 'SPORT'),
(820, 79, 'SAGA'),
(821, 79, 'MTS'),
(822, 79, 'CABRIOLET'),
(823, 79, 'BG'),
(824, 80, 'MINI'),
(825, 81, 'CLASSICO'),
(826, 81, 'TI'),
(827, 82, 'NX'),
(828, 82, 'PATHFINDER'),
(829, 82, 'PICK-UP'),
(830, 82, 'PRIMERA'),
(831, 82, 'QUEST'),
(832, 82, 'SENTRA'),
(833, 82, 'STANZA'),
(834, 82, 'TERRANO'),
(835, 82, 'TIIDA'),
(836, 82, 'VAN'),
(837, 82, 'X-TRAIL '),
(838, 82, 'XTERRA'),
(839, 82, 'MURANO'),
(840, 82, 'MICRA'),
(841, 82, 'MAXIMA'),
(842, 82, '240SX'),
(843, 82, '300 ZX'),
(844, 82, '350Z'),
(845, 82, 'ALTIMA'),
(846, 82, 'ARMADA'),
(847, 82, 'AX'),
(848, 82, 'D'),
(849, 82, 'D21'),
(850, 82, 'FRONTIER'),
(851, 82, 'INFINITI'),
(852, 82, 'J30'),
(853, 82, 'KING CAB'),
(854, 83, 'F-85 CUTLASS'),
(855, 83, 'ACHIEVA'),
(856, 84, 'RECORD'),
(857, 85, 'GRAND VOYAGER'),
(858, 86, 'TRANS SPORT'),
(859, 86, 'SOLSTICE'),
(860, 86, 'GTO'),
(861, 86, 'FORMULA 402'),
(862, 86, 'FORMULA 401'),
(863, 86, 'FORMULA 400'),
(864, 86, 'FIREBIRD'),
(865, 86, 'FIERO'),
(866, 87, '968'),
(867, 87, 'BOXSTER'),
(868, 87, 'BOXSTER S'),
(869, 87, 'CARRERA'),
(870, 87, 'CAYENNE'),
(871, 87, 'CAYMAN'),
(872, 87, 'CAYMAN S'),
(873, 87, 'KREMER'),
(874, 87, 'SPYDER 500'),
(875, 87, 'SPYDER 550'),
(876, 87, '944'),
(877, 87, '928'),
(878, 87, '911T'),
(879, 87, '911'),
(880, 87, '914'),
(881, 88, 'GTC'),
(882, 88, 'P-018S'),
(883, 88, 'GTS'),
(884, 88, 'GTE'),
(885, 88, 'GTB/S2'),
(886, 88, 'GTB'),
(887, 88, 'GT'),
(888, 88, 'AMV'),
(889, 89, 'SILVER SPUR'),
(890, 89, 'SILVER SHADOW'),
(891, 90, 'ROMI-ISETTA'),
(892, 91, 'Streetwise'),
(893, 91, 'série 800'),
(894, 91, 'série 600'),
(895, 91, 'série 400'),
(896, 91, 'série 200'),
(897, 91, 'série 100'),
(898, 91, '75'),
(899, 91, '45'),
(900, 91, '25'),
(901, 92, '9000'),
(902, 92, '900'),
(903, 92, '9-5'),
(904, 92, '9-3'),
(905, 93, 'SM 4.1'),
(906, 94, 'SL-2'),
(907, 95, 'Toledo'),
(908, 95, 'Terra'),
(909, 95, 'Marbella'),
(910, 95, 'Málaga'),
(911, 95, 'Leon'),
(912, 95, 'Inca'),
(913, 95, 'Ibiza'),
(914, 95, 'Cordoba'),
(915, 95, 'Arosa'),
(916, 95, 'Altea'),
(917, 95, 'Alhambra'),
(918, 96, 'MUSTANG'),
(919, 96, 'COBRA'),
(920, 97, 'TURBO EX'),
(921, 98, 'CHAMBORD'),
(922, 99, 'Roadster Coupé'),
(923, 99, 'Roadster'),
(924, 99, 'Fortwo'),
(925, 99, 'Forfour'),
(926, 99, 'Crossblade'),
(927, 100, 'REXTON II'),
(928, 100, 'REXTON'),
(929, 100, 'MUSSO'),
(930, 100, 'KYRON'),
(931, 100, 'KORANDO'),
(932, 100, 'ISTANA'),
(933, 100, 'CHAIRMAN'),
(934, 100, 'ACTYON SPORTS'),
(935, 100, 'ACTYON'),
(936, 101, 'STUDEBAKER PICK-UP'),
(937, 102, 'VIVIO'),
(938, 102, 'TRIBECA'),
(939, 102, 'SVX'),
(940, 102, 'OUTBACK'),
(941, 102, 'LEGACY'),
(942, 102, 'IMPREZA'),
(943, 102, 'FORESTER'),
(944, 103, 'Wagon R+'),
(945, 103, 'Vitara'),
(946, 103, 'Swift'),
(947, 103, 'Santana'),
(948, 103, 'Samurai'),
(949, 103, 'Liana'),
(950, 103, 'Jimny'),
(951, 103, 'Ignis'),
(952, 103, 'Grand Vitara'),
(953, 103, 'Baleno'),
(954, 103, 'Alto'),
(955, 104, 'T4'),
(956, 104, 'RF'),
(957, 104, 'PANTANAL'),
(958, 105, 'UNIMOG'),
(959, 106, 'S60'),
(960, 106, 'S70'),
(961, 106, 'S80'),
(962, 106, 'V40'),
(963, 106, 'V50'),
(964, 106, 'V70'),
(965, 106, 'XC70'),
(966, 106, 'XC90'),
(967, 106, 'S40'),
(968, 106, 'C70'),
(969, 106, '440'),
(970, 106, '444'),
(971, 106, '460'),
(972, 106, '850'),
(973, 106, '855'),
(974, 106, '940'),
(975, 106, '960'),
(976, 106, 'C30'),
(977, 107, 'WALKSPORT'),
(978, 108, 'CJ3A'),
(979, 108, 'AERO-WILLYS'),
(980, 108, 'JEEP'),
(981, 108, 'RURAL'),
(982, 113, '1200 GOLD WING'),
(983, 113, '125'),
(984, 113, '1500 GOLD WING'),
(985, 113, '750 MAGNA'),
(986, 113, 'BIZ 125 +'),
(987, 113, 'BIZ 125 ES'),
(988, 113, 'BIZ 125 EX'),
(989, 113, 'BIZ 125 KS'),
(990, 113, 'C 100 BIZ'),
(991, 113, 'C 100 BIZ ES'),
(992, 113, 'C 100 BIZ+'),
(993, 113, 'C 100 DREAM'),
(994, 113, 'CB 1000 - BIG ONE'),
(995, 113, 'CB 1000R'),
(996, 113, 'CB 1300 SUPER FOUR'),
(997, 113, 'CB 300R'),
(998, 113, 'CB 350K'),
(999, 113, 'CB 360'),
(1000, 113, 'CB 400'),
(1001, 113, 'CB 400 FOUR'),
(1002, 113, 'CB 400 II'),
(1003, 113, 'CB 450'),
(1004, 113, 'CB 450 DX'),
(1005, 113, 'CB 50'),
(1006, 113, 'CB 500'),
(1007, 113, 'CB 500 FOUR'),
(1008, 113, 'CB 550 FOUR'),
(1009, 113, 'CB 600F HORNET'),
(1010, 113, 'CB 750 FOUR'),
(1011, 113, 'CB 750 KZ'),
(1012, 113, 'CB 900F BOLD&acute;OR'),
(1013, 113, 'CB 900F HORNET'),
(1014, 113, 'CBF 125'),
(1015, 113, 'CBR 1000F'),
(1016, 113, 'CBR 1000RR FIREBLADE'),
(1017, 113, 'CBR 1000RR REPSOL'),
(1018, 113, 'CBR 1100XX SUPER BLACKBIRD'),
(1019, 113, 'CBR 125R'),
(1020, 113, 'CBR 450'),
(1021, 113, 'CBR 450 SR'),
(1022, 113, 'CBR 600F'),
(1023, 113, 'CBR 600RR'),
(1024, 113, 'CBR 900RR'),
(1025, 113, 'CBR 900RR FIREBLADE'),
(1026, 113, 'CBR 929RR'),
(1027, 113, 'CBR 954RR FIREBLADE'),
(1028, 113, 'CBX 1050'),
(1029, 113, 'CBX 150 AERO'),
(1030, 113, 'CBX 200 STRADA'),
(1031, 113, 'CBX 250 TWISTER'),
(1032, 113, 'CBX 750 FOUR'),
(1033, 113, 'CBX 750 FOUR INDY'),
(1034, 113, 'CBX 750R'),
(1035, 113, 'CG 125'),
(1036, 113, 'CG 125 CARGO'),
(1037, 113, 'CG 125 CARGO ES'),
(1038, 113, 'CG 125 CARGO KS'),
(1039, 113, 'CG 125 ES FAN'),
(1040, 113, 'CG 125 FAN'),
(1041, 113, 'CG 125 KS FAN'),
(1042, 113, 'CG 125 ML'),
(1043, 113, 'CG 125 TITAN'),
(1044, 113, 'CG 125 TITAN ES'),
(1045, 113, 'CG 125 TITAN KS'),
(1046, 113, 'CG 125 TITAN KSE'),
(1047, 113, 'CG 125 TODAY'),
(1048, 113, 'CG 150 FAN ESDI'),
(1049, 113, 'CG 150 FAN ESI'),
(1050, 113, 'CG 150 JOB'),
(1051, 113, 'CG 150 SPORT'),
(1052, 113, 'CG 150 TITAN EDI&Ccedil;&Atild'),
(1053, 113, 'CG 150 TITAN ES'),
(1054, 113, 'CG 150 TITAN ESD'),
(1055, 113, 'CG 150 TITAN KS'),
(1056, 113, 'CG 150 TITAN MIX ES'),
(1057, 113, 'CG 150 TITAN MIX ESD'),
(1058, 113, 'CG 150 TITAN MIX EX'),
(1059, 113, 'CG 150 TITAN MIX KS'),
(1060, 113, 'CH 125R SPACY'),
(1061, 113, 'CR 125'),
(1062, 113, 'CR 250'),
(1063, 113, 'CR 80'),
(1064, 113, 'CRF 150R'),
(1065, 113, 'CRF 230F'),
(1066, 113, 'CRF 250R'),
(1067, 113, 'CRF 250X'),
(1068, 113, 'CRF 450R'),
(1069, 113, 'CRF 450X'),
(1070, 113, 'CRF 50F'),
(1071, 113, 'GL 1000 GOLD WING'),
(1072, 113, 'GL 1500CF VALKYRIE INTERSTATE'),
(1073, 113, 'GL 1800 GOLD WING'),
(1074, 113, 'HELIX 250'),
(1075, 113, 'INTERCEPTOR V-FOUR'),
(1076, 113, 'LEAD 110'),
(1077, 113, 'LEAD 110 ES'),
(1078, 113, 'NX 150'),
(1079, 113, 'NX 200'),
(1080, 113, 'NX 350 SAHARA'),
(1081, 113, 'NX 650 DOMINATOR'),
(1082, 113, 'NX4 FALCON'),
(1083, 113, 'NXR 125 BROS ES'),
(1084, 113, 'NXR 125 BROS KS'),
(1085, 113, 'NXR 150 BROS ES'),
(1086, 113, 'NXR 150 BROS ESD'),
(1087, 113, 'NXR 150 BROS KS'),
(1088, 113, 'NXR 150 BROS MIX ES'),
(1089, 113, 'NXR 150 BROS MIX ESD'),
(1090, 113, 'NXR 150 BROS MIX KS'),
(1091, 113, 'POP 100'),
(1092, 113, 'SHADOW 1100 AC'),
(1093, 113, 'SHADOW 1100 OURO'),
(1094, 113, 'SHADOW 1100 VT'),
(1095, 113, 'SHADOW 600C VT'),
(1096, 113, 'SHADOW 750'),
(1097, 113, 'SHADOW 750 AM'),
(1098, 113, 'ST 1100 PAN EUROPEAN'),
(1099, 113, 'SUPER HAWK 1000'),
(1100, 113, 'TRX 350 FOURTRAX 4X2'),
(1101, 113, 'TRX 350 FOURTRAX 4X4'),
(1102, 113, 'TRX 350 FOURTRAX FM 4X4'),
(1103, 113, 'TRX 420 FOURTRAX 4X2'),
(1104, 113, 'TRX 420 FOURTRAX 4X4'),
(1105, 113, 'VALKYRIE 1500'),
(1106, 113, 'VALKYRIE 1800'),
(1107, 113, 'VF750F INTERCEPTOR'),
(1108, 113, 'VFR 1200F'),
(1109, 113, 'VT 1300 CR'),
(1110, 113, 'VT 1300 CS'),
(1111, 113, 'VT 1300 CX'),
(1112, 113, 'VTR 250'),
(1113, 113, 'VTX 1800C'),
(1114, 113, 'XL 1000V VARADERO'),
(1115, 113, 'XL 125 DUTY'),
(1116, 113, 'XL 125 VAREDERO'),
(1117, 113, 'XL 125S'),
(1118, 113, 'XL 250R'),
(1119, 113, 'XL 600V TRANSALP'),
(1120, 113, 'XL 700V TRANSALP'),
(1121, 113, 'XLR 125'),
(1122, 113, 'XLR 125 ES'),
(1123, 113, 'XLX 250R'),
(1124, 113, 'XLX 350R'),
(1153, 113, 'XR 200R'),
(1126, 113, 'XR 250 TORNADO'),
(1127, 113, 'XR 250R'),
(1128, 113, 'XR 400R'),
(1129, 113, 'XR 650'),
(1130, 113, 'XR 650L'),
(1131, 113, 'XRE 300'),
(1132, 113, 'XRV 750 AFRICA TWIN'),
(1154, 110, 'F 650'),
(1155, 110, ' F 650 CS'),
(1156, 110, ' F 650 GS'),
(1157, 110, ' F 650 GS DAKAR'),
(1158, 110, ' F 800 GS'),
(1159, 110, ' F 800 R'),
(1160, 110, ' F 800 S'),
(1161, 110, ' G 450 X'),
(1162, 110, ' G 650 GS'),
(1163, 110, ' G 650 XCHALLENGE'),
(1164, 110, ' G 650 XCOUNTRY'),
(1165, 110, ' G 650 XMOTO'),
(1166, 110, ' K 100'),
(1167, 110, ' K 100 RS'),
(1168, 110, ' K 1100 LT'),
(1169, 110, ' K 1100 RS'),
(1170, 110, ' K 1200 GT'),
(1171, 110, ' K 1200 LT'),
(1172, 110, ' K 1200 R'),
(1173, 110, ' K 1200 RS'),
(1174, 110, ' K 1200 S'),
(1175, 110, ' K 1300 GT'),
(1176, 110, ' K 1300 R'),
(1177, 110, ' K 1300 S'),
(1178, 110, ' K 1600 GT'),
(1179, 110, ' K 1600 GTL'),
(1180, 110, ' K 75'),
(1181, 110, ' R 100 RS'),
(1182, 110, ' R 1100 GS'),
(1183, 110, ' R 1100 GS 75'),
(1184, 110, ' R 1100 R'),
(1185, 110, ' R 1100 RS'),
(1186, 110, ' R 1100 RT'),
(1187, 110, ' R 1100 S'),
(1188, 110, ' R 1150 GS'),
(1189, 110, ' R 1150 GS ADVENTURE'),
(1190, 110, ' R 1150 R'),
(1191, 110, ' R 1150 R ROCKSTER'),
(1192, 110, ' R 1150 RS'),
(1193, 110, ' R 1150 RT'),
(1194, 110, ' R 1200 C'),
(1195, 110, ' R 1200 C AVANTGARD'),
(1196, 110, ' R 1200 C CLASSIC'),
(1197, 110, ' R 1200 C INDEPENDENT'),
(1198, 110, ' R 1200 CL'),
(1199, 110, ' R 1200 GS'),
(1200, 110, ' R 1200 GS ADVENTURE'),
(1201, 110, ' R 1200 GS HP2'),
(1202, 110, ' R 1200 RT'),
(1203, 110, ' R90S'),
(1204, 110, ' S 1000 RR'),
(1205, 111, '749'),
(1206, 111, ' 848'),
(1207, 111, ' 916'),
(1208, 111, ' 996'),
(1209, 111, ' 996 S'),
(1210, 111, ' 998'),
(1211, 111, ' 999'),
(1212, 111, ' 999 R XEROX'),
(1213, 111, ' D16 RR'),
(1214, 111, ' HIPERMOTARD 1100 EVO'),
(1215, 111, ' HYPERMOTARD 1100'),
(1216, 111, ' HYPERMOTARD 796'),
(1217, 111, ' MONSTER 1100'),
(1218, 111, ' MONSTER 1100S'),
(1219, 111, ' MONSTER 600'),
(1220, 111, ' MONSTER 620'),
(1221, 111, ' MONSTER 695'),
(1222, 111, ' MONSTER 696'),
(1223, 111, ' MONSTER 900'),
(1224, 111, ' MONSTER S2-R 1000'),
(1225, 111, ' MONSTER S4 916'),
(1226, 111, ' MONSTER S4 R 996'),
(1227, 111, ' MONSTER S4 RS TESTASTRETTA'),
(1228, 111, ' MULTISTRADA 1000'),
(1229, 111, ' MULTISTRADA 1100'),
(1230, 111, ' MULTISTRADA 1200'),
(1231, 111, ' MULTISTRADA 1200S'),
(1232, 111, ' MULTISTRADA 620'),
(1233, 111, ' SPORT CLASSIC 1000'),
(1234, 111, ' SPORTCLASSIC PAUL SMART 1000-'),
(1235, 111, ' SS 900'),
(1236, 111, ' ST 2 900'),
(1237, 111, ' ST 4 900'),
(1238, 111, ' STONER'),
(1239, 111, ' STREETFIGHTER '),
(1240, 111, ' STREETFIGHTER S'),
(1241, 111, ' SUPERBIKE 1098'),
(1242, 111, ' SUPERBIKE 1098 DUPLICADO'),
(1243, 111, ' SUPERBIKE 1098 S'),
(1244, 111, ' SUPERBIKE 1198 '),
(1245, 111, ' SUPERBIKE 1198 S'),
(1246, 111, ' SUPERBIKE 848'),
(1247, 112, 'DYNA CONVERTIBLE'),
(1248, 112, ' DYNA LOW RIDER'),
(1249, 112, ' DYNA LOW RIDER CONVERTIBLE'),
(1250, 112, ' DYNA SUPER GLIDE'),
(1251, 112, ' DYNA SUPER GLIDE CUSTOM'),
(1252, 112, ' DYNA WIDE GLIDE'),
(1253, 112, ' EG ROAD KING FUEL INJECTION'),
(1254, 112, ' ELECTRA GLIDE SCREAMIN´ EAGLE'),
(1255, 112, ' ELECTRA GLIDE CLASSIC'),
(1256, 112, ' ELECTRA GLIDE SPECIAL'),
(1257, 112, ' ELECTRA GLIDE STANDARD'),
(1258, 112, ' ELECTRA GLIDE ULTRA FUEL INJE'),
(1259, 112, ' FAT BOY SCREAMIN EAGLE'),
(1260, 112, ' FLSTF FB'),
(1261, 112, ' FX'),
(1262, 112, ' HERITAGE SOFTAIL CLASSIC'),
(1263, 112, ' HERITAGE SOFTAIL CUSTOM'),
(1264, 112, ' HERITAGE SOFTAIL SPRINGER'),
(1265, 112, ' NIGHT ROD SPECIAL'),
(1266, 112, ' NIGHT TRAIN'),
(1267, 112, ' ROAD KING'),
(1268, 112, ' ROAD KING CLASSIC'),
(1269, 112, ' ROAD KING CUSTOM'),
(1270, 112, ' ROAD KING POLICE FLHP'),
(1271, 112, ' ROAD KING SCREAMIN EAGLE'),
(1272, 112, ' ROCKER C'),
(1273, 112, ' SCREAMING EAGLE SOFTAIL SPRIN'),
(1274, 112, ' SHOVELHEAD'),
(1275, 112, ' SOFTAIL CLASSIC'),
(1276, 112, ' SOFTAIL COVERTIBLE'),
(1277, 112, ' SOFTAIL CUSTOM'),
(1278, 112, ' SOFTAIL DELUXE'),
(1279, 112, ' SOFTAIL DEUCE'),
(1280, 112, ' SOFTAIL FAT BOY'),
(1281, 112, ' SOFTAIL FAT BOY SPECIAL'),
(1282, 112, ' SOFTAIL HERITAGE CUSTOM'),
(1283, 112, ' SOFTAIL ROCKER'),
(1284, 112, ' SOFTAIL SPECIAL'),
(1285, 112, ' SOFTAIL SPRINGER'),
(1286, 112, ' SOFTAIL STANDARD'),
(1287, 112, ' SPORTSTER 1200 XL CUSTOM'),
(1288, 112, ' SPORTSTER 1200 XL CUSTOM C'),
(1289, 112, ' SPORTSTER 1200 XL SPORT'),
(1290, 112, ' SPORTSTER 1200 XL STANDARD'),
(1291, 112, ' SPORTSTER 1200 XLH'),
(1292, 112, ' SPORTSTER 883 LOW'),
(1293, 112, ' SPORTSTER 883 XL STANDARD'),
(1294, 112, ' SPORTSTER 883 XLH HUGGER'),
(1295, 112, ' SPORTSTER XL 1200 N'),
(1296, 112, ' SPORTSTER XL 883'),
(1297, 112, ' SPORTSTER XL 883 CUSTOM'),
(1298, 112, ' SPORTSTER XL 883 R '),
(1299, 112, ' SPORTSTER XL 883N IRON'),
(1300, 112, ' SPOTSTER 883 ROADSTER'),
(1301, 112, ' SPOTSTER IRON 883'),
(1302, 112, ' SPRINGER SCREAMIN EAGLE'),
(1303, 112, ' STREET GLIDE'),
(1304, 112, ' STREET ROD'),
(1305, 112, ' U FLAT HEAD'),
(1306, 112, ' ULTRA ELECTRA GLIDE CLASSIC'),
(1307, 112, ' V-ROD'),
(1308, 112, ' V-ROD MUSCLE'),
(1309, 112, ' V-ROD SCREAMIN EAGLE'),
(1310, 112, ' V-ROD SPORT'),
(1311, 112, ' V-ROD X '),
(1312, 112, ' XR 1200'),
(1313, 112, ' XR 1200 X'),
(1314, 109, 'CITY 50'),
(1315, 109, ' CITY 90'),
(1316, 109, ' DAKAR 30.0'),
(1317, 109, ' ELEFANT 16.5'),
(1318, 109, ' ELEFANT 27.5'),
(1319, 109, ' ELEFANTRÉ 16.5'),
(1320, 109, ' ELEFANTRÉ 16.5 ES'),
(1321, 109, ' ELEFANTRÉ 30.0'),
(1322, 109, ' ELEFANTRÉ 30.0 ES'),
(1323, 109, ' EX 27.5'),
(1324, 109, ' SST 13.5'),
(1325, 109, ' SUPER CITY 125'),
(1326, 109, ' SXT 16.5'),
(1327, 109, ' SXT 27.5 E'),
(1328, 109, ' SXT 27.5 EX'),
(1329, 109, ' TCHAU 50'),
(1330, 114, 'COMET 150'),
(1331, 114, ' COMET 250'),
(1332, 114, ' COMET 650R'),
(1333, 114, ' COMET 650R EFI'),
(1334, 114, ' COMET EFI'),
(1335, 114, ' COMET GT 250 EFI'),
(1336, 114, ' COMET GT 250 R'),
(1337, 114, ' COMET GT 250R'),
(1338, 114, ' COMET GT 650R'),
(1339, 114, ' COMET GT-R'),
(1340, 114, ' COMET GTR EFI'),
(1341, 114, ' COMET PHASE 2'),
(1342, 114, ' CRUISE 125'),
(1343, 114, ' CRUISER II 125 CLASSIC'),
(1344, 114, ' CRZ 150'),
(1345, 114, ' CRZ 150 SM'),
(1346, 114, ' ERO PLUS 125'),
(1347, 114, ' FLASH 150'),
(1348, 114, ' FX 110 MIDAS'),
(1349, 114, ' GF 125 SPEED'),
(1350, 114, ' MAGIK 125'),
(1351, 114, ' MIRAGE 150'),
(1352, 114, ' MIRAGE 250 EFI'),
(1353, 114, ' MIRAGE 650'),
(1354, 114, ' MIRAGE 650 EFI'),
(1355, 114, ' MIRAGE POWER'),
(1356, 114, ' MIRAGE PREMIER'),
(1357, 114, ' MOTOKAR'),
(1358, 114, ' PRIMA 150'),
(1359, 114, ' PRIMA 150 GTS'),
(1360, 114, ' PRIMA 50'),
(1361, 114, ' PRIMA ELECTRA'),
(1362, 114, ' PRIMA RALLY 50'),
(1363, 114, ' RX 125'),
(1364, 114, ' SETA 125'),
(1365, 114, ' SETA 150'),
(1366, 114, ' SOFT 50'),
(1367, 114, ' SUPER CAB 100'),
(1368, 114, ' SUPER CAB 50'),
(1369, 114, ' TN 125'),
(1370, 114, ' WAY 125'),
(1371, 114, ' WIN 110'),
(1372, 115, 'Versys'),
(1373, 115, ' AVAJET 100'),
(1374, 115, ' CLASSIC 100'),
(1375, 115, ' CONCOURS 14'),
(1376, 115, ' D TRACKER 250 X '),
(1377, 115, ' ER 4N'),
(1378, 115, ' ER 5'),
(1379, 115, ' ER-6F'),
(1380, 115, ' ER-6N'),
(1381, 115, ' KDX 200'),
(1382, 115, ' KDX 220 R'),
(1383, 115, ' KDX 50'),
(1384, 115, ' KFX 450R'),
(1385, 115, ' KLR 250'),
(1386, 115, ' KLR 650'),
(1387, 115, ' KLX 110'),
(1388, 115, ' KLX 125'),
(1389, 115, ' KLX 125 L'),
(1390, 115, ' KLX 250'),
(1391, 115, ' KLX 300R'),
(1392, 115, ' KLX 400R'),
(1393, 115, ' KLX 400SR'),
(1394, 115, ' KLX 450R'),
(1395, 115, ' KLX 650'),
(1396, 115, ' KX 100'),
(1397, 115, ' KX 125'),
(1398, 115, ' KX 250'),
(1399, 115, ' KX 250F'),
(1400, 115, ' KX 450F'),
(1401, 115, ' KX 500'),
(1402, 115, ' KX 60'),
(1403, 115, ' KX 65'),
(1404, 115, ' KX 85'),
(1405, 115, ' KZ 1000'),
(1406, 115, ' KZ 1300'),
(1407, 115, ' MAXI II 100'),
(1408, 115, ' MOJAVE 250'),
(1409, 115, ' NINJA 250R'),
(1410, 115, ' NINJA 650R'),
(1411, 115, ' NINJA EX 500'),
(1412, 115, ' NINJA ZX-10'),
(1413, 115, ' NINJA ZX-10R'),
(1414, 115, ' NINJA ZX-11'),
(1415, 115, ' NINJA ZX-12R'),
(1416, 115, ' NINJA ZX-14'),
(1417, 115, ' NINJA ZX-6R 600cc '),
(1418, 115, ' NINJA ZX-6R 636 cc'),
(1419, 115, ' NINJA ZX-7R'),
(1420, 115, ' NINJA ZX-9R'),
(1421, 115, ' VERSYS'),
(1422, 115, ' VOYAGER 1200'),
(1423, 115, ' VOYAGER XII'),
(1424, 115, ' VULCAN 1500'),
(1425, 115, ' VULCAN 1500 CLASSIC'),
(1426, 115, ' VULCAN 1500 DRIFTER'),
(1427, 115, ' VULCAN 1500 MEAN STREAK'),
(1428, 115, ' VULCAN 1500 NOMAD FI'),
(1429, 115, ' VULCAN 1600 CLASSIC'),
(1430, 115, ' VULCAN 1600 MEAN STREAK'),
(1431, 115, ' VULCAN 1700'),
(1432, 115, ' VULCAN 2000'),
(1433, 115, ' VULCAN 750'),
(1434, 115, ' VULCAN 800'),
(1435, 115, ' VULCAN 800 CLASSIC'),
(1436, 115, ' VULCAN 800 DRIFTER'),
(1437, 115, ' VULCAN 900 CLASSIC'),
(1438, 115, ' VULCAN 900 CLASSIC LT '),
(1439, 115, ' VULCAN 900 CUSTOM '),
(1440, 115, ' VULCAN EN 500'),
(1441, 115, ' VULCAN LTD CLASS 500'),
(1442, 115, ' VULCAN NOMAD 1500'),
(1443, 115, ' Z1000'),
(1444, 115, ' Z750'),
(1445, 115, ' ZR-7'),
(1446, 115, ' ZR-7S'),
(1447, 115, ' ZZR 1200'),
(1448, 115, ' ZZR 1400'),
(1449, 116, 'AKROS 50'),
(1450, 116, ' AKROS 90'),
(1451, 116, ' ERGON 50'),
(1452, 116, ' FIFTY 50'),
(1453, 116, ' FUTURE'),
(1454, 116, ' FUTURE ELÉTRICA'),
(1455, 116, ' FUTURE SPORT'),
(1456, 116, ' HAWK 150'),
(1457, 116, ' HUNTER 100'),
(1458, 116, ' HUNTER 90'),
(1459, 116, ' HUNTER SE'),
(1460, 116, ' MAX SE'),
(1461, 116, ' MAX SED '),
(1462, 116, ' MOTARD'),
(1463, 116, ' MOTARD 200'),
(1464, 116, ' OUTLOOK 150'),
(1465, 116, ' PALIO 50'),
(1466, 116, ' PGO SPEED 50'),
(1467, 116, ' PGO SPEED 90'),
(1468, 116, ' STX '),
(1469, 116, ' STX 200'),
(1470, 116, ' SUPER FIFTY 50'),
(1471, 116, ' VBLADE'),
(1472, 116, ' WEB'),
(1473, 116, ' WEB EVO'),
(1474, 117, 'ADDRESS 100'),
(1475, 117, ' ADDRESS 50'),
(1476, 117, ' AE 50'),
(1477, 117, ' AG 100'),
(1478, 117, ' AN125 BURGMAN'),
(1479, 117, ' AN650 BURGMAN '),
(1480, 117, ' B-KING'),
(1481, 117, ' BANDIT 1200S'),
(1482, 117, ' BANDIT 1250'),
(1483, 117, ' BANDIT 1250F'),
(1484, 117, ' BANDIT 1250S'),
(1485, 117, ' BANDIT 600S'),
(1486, 117, ' BANDIT 650'),
(1487, 117, ' BANDIT 650S'),
(1488, 117, ' BANDIT N1200'),
(1489, 117, ' BANDIT N1250'),
(1490, 117, ' BANDIT N600'),
(1491, 117, ' BANDIT N650'),
(1492, 117, ' BOULEVARD M109R'),
(1493, 117, ' BOULEVARD M1500'),
(1494, 117, ' BOULEVARD M800 '),
(1495, 117, ' BURGMAN 125 AUTOMATIC'),
(1496, 117, ' BURGMAN 400'),
(1497, 117, ' BURGMAN 650'),
(1498, 117, ' BURGMAN 650 EXECUTIVE'),
(1499, 117, ' C 1500 BOULEVARD'),
(1500, 117, ' DL 1000 V-STROM'),
(1501, 117, ' DL 650 V-STROM'),
(1502, 117, ' DR 350'),
(1503, 117, ' DR 350 SE'),
(1504, 117, ' DR 650 R'),
(1505, 117, ' DR 650 RE'),
(1506, 117, ' DR 650 RS'),
(1507, 117, ' DR 650 RSE'),
(1508, 117, ' DR 800 S'),
(1509, 117, ' DR-Z 400E'),
(1510, 117, ' EN 125 YES ED'),
(1511, 117, ' EN 125 YES ED CARGO'),
(1512, 117, ' FREEWIND XF 650'),
(1513, 117, ' GS500E'),
(1514, 117, ' GSX 1100 F'),
(1515, 117, ' GSX 1100 SBE KATANA'),
(1516, 117, ' GSX 1300 B-KING'),
(1517, 117, ' GSX 650 F'),
(1518, 117, ' GSX 750 F'),
(1519, 117, ' GSX R1000'),
(1520, 117, ' GSX R750 '),
(1521, 117, ' GSX-R 750'),
(1522, 117, ' GSX-R1000'),
(1523, 117, ' GSX-R1100 W'),
(1524, 117, ' GSX-R600'),
(1525, 117, ' GSX-R750 W'),
(1526, 117, ' GSX-R750 W SRAD'),
(1527, 117, ' GSX1300R HAYABUSA'),
(1528, 117, ' GT 550'),
(1529, 117, ' INTRUDER 125'),
(1530, 117, ' INTRUDER 125 ED CARGO'),
(1531, 117, ' INTRUDER 250'),
(1532, 117, ' INTRUDER VS 1400 GLP'),
(1533, 117, ' INTRUDER VS 800 GL'),
(1534, 117, ' INTRUDER VS 800 GLP'),
(1535, 117, ' KATANA 125'),
(1536, 117, ' LC 1500 INTRUDER'),
(1537, 117, ' LETS II 50'),
(1538, 117, ' LS 650 SAVAGE'),
(1539, 117, ' LT 50 QUADRICICLO'),
(1540, 117, ' LT 80 QUADRICICLO'),
(1541, 117, ' LT F160 QUADRICICLO'),
(1542, 117, ' LT-A400F KINGQUAD'),
(1543, 117, ' LT-A450X KINGQUAD'),
(1544, 117, ' LT-A750X KINGQUAD'),
(1545, 117, ' LT-F250 OZARK'),
(1546, 117, ' LT-R450 QUADRACER'),
(1547, 117, ' M 800 BOULEVARD'),
(1548, 117, ' MARAUDER 800'),
(1549, 117, ' OZARK 250 '),
(1550, 117, ' QUADRACER R450'),
(1551, 117, ' QUADRUNNER 160'),
(1552, 117, ' QUADSPORT Z400'),
(1553, 117, ' RF 600 R'),
(1554, 117, ' RF 900 R'),
(1555, 117, ' RM 125'),
(1556, 117, ' RM 250'),
(1557, 117, ' RM 80'),
(1558, 117, ' RM-Z 250'),
(1559, 117, ' RMX 250'),
(1560, 117, ' TL 1000 S'),
(1561, 117, ' V-STROM 650'),
(1562, 117, ' VX 800'),
(1563, 117, ' YES 125 ED'),
(1564, 117, ' YES SE'),
(1565, 117, ' YES SE CARGO'),
(1566, 117, ' ZX-14'),
(1567, 118, 'ADVENTURER'),
(1568, 118, ' BONNEVILE'),
(1569, 118, ' BONNEVILLE T 100 790'),
(1570, 118, ' BONNEVILLE T 100 865'),
(1571, 118, ' DAYTONA 1200'),
(1572, 118, ' DAYTONA 675'),
(1573, 118, ' DAYTONA 900'),
(1574, 118, ' DAYTONA 955i'),
(1575, 118, ' DAYTONA SUPER III'),
(1576, 118, ' DAYTONA T 955'),
(1577, 118, ' LEGEND 900'),
(1578, 118, ' ROCKET III'),
(1579, 118, ' ROCKET III CLASSIC'),
(1580, 118, ' ROCKET III TOURING'),
(1581, 118, ' SCRAMBLER'),
(1582, 118, ' SPEED TRIPLE '),
(1583, 118, ' SPEED TRIPLE 1050'),
(1584, 118, ' SPEED TRIPLE 1050 SE'),
(1585, 118, ' SPEED TRIPLE 1050i'),
(1586, 118, ' SPEED TRIPLE 900'),
(1587, 118, ' SPEED TRIPLE 955i'),
(1588, 118, ' SPEED TRIPLE T 509 900'),
(1589, 118, ' SPRINT 900'),
(1590, 118, ' SPRINT RS 955'),
(1591, 118, ' SPRINT ST'),
(1592, 118, ' SPRINT ST 1050'),
(1593, 118, ' STREET TRIPLE'),
(1594, 118, ' STREET TRIPLE 675'),
(1595, 118, ' THUNDERBIRD 900'),
(1596, 118, ' THUNDERBIRD 900 SPORT'),
(1597, 118, ' TIGER 1050'),
(1598, 118, ' TIGER 1050 SE'),
(1599, 118, ' TIGER 750'),
(1600, 118, ' TIGER 900'),
(1601, 118, ' TIGER 955i'),
(1602, 118, ' TIGER S'),
(1603, 118, ' TIGER T'),
(1604, 118, ' TIGER X'),
(1605, 118, ' TRIDENT 750'),
(1606, 118, ' TRIDENT 900'),
(1607, 118, ' TROPHY 1200'),
(1608, 118, ' TROPHY 900'),
(1609, 118, ' TT 600'),
(1610, 119, 'AXIS 90'),
(1611, 119, ' BWS 50'),
(1612, 119, ' CRYPTON 100'),
(1613, 119, ' CRYPTON ED'),
(1614, 119, ' CRYPTON K'),
(1615, 119, ' DRAG STAR 1100'),
(1616, 119, ' DRAG STAR 650'),
(1617, 119, ' DT 180'),
(1618, 119, ' DT 180Z'),
(1619, 119, ' DT 200'),
(1620, 119, ' DT 200R'),
(1621, 119, ' FACTOR YBR 125 ED'),
(1622, 119, ' FAZER 250'),
(1623, 119, ' FAZER 250IE LIMITED EDITION'),
(1624, 119, ' FAZER 600'),
(1625, 119, ' FAZER 600S'),
(1626, 119, ' FAZER 8'),
(1627, 119, ' FAZER YS 250'),
(1628, 119, ' FJR 1300'),
(1629, 119, ' FZ1'),
(1630, 119, ' FZ1 FAZER'),
(1631, 119, ' FZ6N'),
(1632, 119, ' FZ6S'),
(1633, 119, ' FZ8'),
(1634, 119, ' FZR 1000'),
(1635, 119, ' FZR 600'),
(1636, 119, ' FZR 600N'),
(1637, 119, ' JOG 50'),
(1638, 119, ' JOG TEEN 50'),
(1639, 119, ' MIDNIGHT WARRIOR'),
(1640, 119, ' MT-01'),
(1641, 119, ' MT-03'),
(1642, 119, ' NEO AT 115'),
(1643, 119, ' NEO CVT 115'),
(1644, 119, ' RD 125'),
(1645, 119, ' RD 135'),
(1646, 119, ' RD 350'),
(1647, 119, ' RD 350 LC'),
(1648, 119, ' RD 350R'),
(1649, 119, ' RDZ 125'),
(1650, 119, ' RDZ 135'),
(1651, 119, ' ROAD STAR 1600'),
(1652, 119, ' ROYAL STAR 1300'),
(1653, 119, ' RX 125'),
(1654, 119, ' TDM 225'),
(1655, 119, ' TDM 850'),
(1656, 119, ' TDM 900'),
(1657, 119, ' TDR 180'),
(1658, 119, ' TMAX XP 500'),
(1659, 119, ' TRX 850'),
(1660, 119, ' TT 125'),
(1661, 119, ' TT-R 125E'),
(1662, 119, ' TT-R 125L'),
(1663, 119, ' TT-R 125LE'),
(1664, 119, ' TT-R 230'),
(1665, 119, ' TX 650'),
(1666, 119, ' V MAX 1200'),
(1667, 119, ' V MAX 1800'),
(1668, 119, ' V STAR 1100'),
(1669, 119, ' V STAR 650'),
(1670, 119, ' V STAR 650 CLASSIC'),
(1671, 119, ' WR 200'),
(1672, 119, ' WR 250F'),
(1673, 119, ' WR 426F'),
(1674, 119, ' WR 450F'),
(1675, 119, ' XJ6 F'),
(1676, 119, ' XJ6 N'),
(1677, 119, ' XJR 1200'),
(1678, 119, ' XJR 1300'),
(1679, 119, ' XT 225'),
(1680, 119, ' XT 600 E'),
(1681, 119, ' XT 600Z TÉNÉRÉ'),
(1682, 119, ' XT 660 R'),
(1683, 119, ' XT1200Z SUPER TÉNÉRÉ'),
(1684, 119, ' XTZ 125 E'),
(1685, 119, ' XTZ 125 K'),
(1686, 119, ' XTZ 125 X/E'),
(1687, 119, ' XTZ 125 X/K'),
(1688, 119, ' XTZ 250 LANDER'),
(1689, 119, ' XTZ 250 TÉNÉRÉ'),
(1690, 119, ' XTZ 250 X'),
(1691, 119, ' XTZ 750S TENERE'),
(1692, 119, ' XV 1100 VIRAGO'),
(1693, 119, ' XV 250 VIRAGO'),
(1694, 119, ' XV 535S VIRAGO'),
(1695, 119, ' XV VIRAGO 750'),
(1696, 119, ' XVS 950 MIDNIGHT STAR'),
(1697, 119, ' YBR 125 E'),
(1698, 119, ' YBR 125 ED'),
(1699, 119, ' YBR 125 FACTOR E'),
(1700, 119, ' YBR 125 FACTOR ED'),
(1701, 119, ' YBR 125 FACTOR ED CENTENÁRIO'),
(1702, 119, ' YBR 125 FACTOR K'),
(1703, 119, ' YBR 125K'),
(1704, 119, ' YFM 125 GRIZZLY'),
(1705, 119, ' YFM 250 BIG BEAR'),
(1706, 119, ' YFM 250R'),
(1707, 119, ' YFM 350 GRIZZLY'),
(1708, 119, ' YFM 350R'),
(1709, 119, ' YFM 660 GRIZZLY'),
(1710, 119, ' YFM 660R RAPTOR'),
(1711, 119, ' YFM 700 GRIZZLY'),
(1712, 119, ' YFM 700R'),
(1713, 119, ' YFM 80R'),
(1714, 119, ' YFS 200 BLASTER'),
(1715, 119, ' YFZ 450'),
(1716, 119, ' YP 250 MAJESTY'),
(1717, 119, ' YZ 125'),
(1718, 119, ' YZ 250'),
(1719, 119, ' YZ 250F'),
(1720, 119, ' YZ 450F'),
(1721, 119, ' YZ 80'),
(1722, 119, ' YZ 85 LW'),
(1723, 119, ' YZF 1000 THUNDERACE'),
(1724, 119, ' YZF 450'),
(1725, 119, ' YZF 600 THUNDERCAT'),
(1726, 119, ' YZF 750'),
(1727, 119, ' YZF-R1'),
(1728, 119, ' YZF-R125'),
(1729, 119, ' YZF-R6'),
(1730, 121, '350'),
(1731, 122, 'AMAZONAS'),
(1732, 123, '110 MIX'),
(1733, 123, ' 110 X'),
(1734, 123, ' 125 A'),
(1735, 123, ' 125 S'),
(1736, 123, ' 150 SC'),
(1737, 123, ' 150 TC'),
(1738, 123, ' 250 C1'),
(1739, 123, ' 250 CROSS FX'),
(1740, 123, ' AMAZON 150 '),
(1741, 123, ' BIG BOY 50'),
(1742, 123, ' COUGAR 150'),
(1743, 123, ' ENDURANCE 250 RX'),
(1744, 123, ' LX 125/26'),
(1745, 123, ' SELVA 250'),
(1746, 123, ' SNAKE 110'),
(1747, 123, ' THUNDER 300'),
(1748, 124, '2009'),
(1749, 124, ' AREA-51'),
(1750, 124, ' CLASSIC'),
(1751, 124, ' DORSODURO 750'),
(1752, 124, ' LEONARDO'),
(1753, 124, ' MOTO'),
(1754, 124, ' PEGASO'),
(1755, 124, ' RALLY'),
(1756, 124, ' RS 125'),
(1757, 124, ' RS 250'),
(1758, 124, ' RS 50'),
(1759, 124, ' RSV 1000 R'),
(1760, 124, ' RSV MILLE'),
(1761, 124, ' RSV4 FACTORY'),
(1762, 124, ' RX 50'),
(1763, 124, ' SCARABEO 200'),
(1764, 124, ' SCARABEO 300'),
(1765, 124, ' SCARABEO 500'),
(1766, 124, ' SCARABEO BRIGTH'),
(1767, 124, ' SCARABEO CLASSIC'),
(1768, 124, ' SCARABEO DE LUXE'),
(1769, 124, ' SONIC'),
(1770, 124, ' SR RACING'),
(1771, 124, ' SR STEALTH'),
(1772, 124, ' SR WWW'),
(1773, 125, 'CLASSIC 150'),
(1774, 126, 'MIRAGE SPORT'),
(1775, 127, 'TNT 1130 CAFÉ RACER'),
(1776, 127, ' TNT 1130S'),
(1777, 127, ' TNT 899'),
(1778, 127, ' TNT 899S'),
(1779, 127, ' TRE 1130K'),
(1780, 127, ' TRE 1130K AMAZONAS'),
(1781, 128, 'DB5R'),
(1782, 128, ' DB6 DELIRIO'),
(1783, 128, ' DB6R DELIRIO'),
(1784, 128, ' DB7'),
(1785, 130, 'ELEGANT 50'),
(1786, 130, ' FT 125 FOSTI'),
(1787, 130, ' JT 100 JAGUAR'),
(1788, 130, ' JT 50 JAGUAR'),
(1789, 131, 'CAN AM SPYDER ROADSTER'),
(1790, 131, ' DS 250'),
(1791, 131, ' DS 450'),
(1792, 131, ' DS 450 X'),
(1793, 131, ' DS 650'),
(1794, 131, ' DS 70'),
(1795, 131, ' DS 90'),
(1796, 131, ' DS 90 X'),
(1797, 131, ' OUTLANDER 400'),
(1798, 131, ' OUTLANDER 400 H.O. EFI'),
(1799, 131, ' OUTLANDER 400 H.O. EFI XT'),
(1800, 131, ' OUTLANDER 400 XT'),
(1801, 131, ' OUTLANDER 650'),
(1802, 131, ' OUTLANDER 650 XT'),
(1803, 131, ' OUTLANDER 800'),
(1804, 131, ' OUTLANDER 800 XT'),
(1805, 131, ' OUTLANDER MAX 400'),
(1806, 131, ' OUTLANDER MAX 400 H.O. EFI'),
(1807, 131, ' OUTLANDER MAX 400 H.O. EFI XT'),
(1808, 131, ' OUTLANDER MAX 400 XT'),
(1809, 131, ' OUTLANDER MAX 650'),
(1810, 131, ' OUTLANDER MAX 650 XT'),
(1811, 131, ' OUTLANDER MAX 800'),
(1812, 131, ' OUTLANDER MAX 800 LTD'),
(1813, 131, ' OUTLANDER MAX 800 XT'),
(1814, 131, ' RENEGADE 500 H.O. EFI'),
(1815, 131, ' RENEGADE 800 H.O. EFI'),
(1816, 131, ' RENEGADE 800 X'),
(1817, 132, '1125CR'),
(1818, 132, ' 1125R'),
(1819, 132, ' FIREBOLT XB12R'),
(1820, 132, ' LIGHTNING CITY CROSS XB9SX'),
(1821, 132, ' LIGHTNING XB12S'),
(1822, 132, ' LIGHTNING XB12SS'),
(1823, 132, ' LIGHTNING XB12STT'),
(1824, 132, ' LIGHTNING XB9SX'),
(1825, 132, ' ULYSSES XB12X'),
(1826, 132, ' ULYSSES XB12X TOURING'),
(1827, 132, ' ULYSSES XB12XP'),
(1828, 132, ' ULYSSES XB12XT'),
(1829, 132, ' ULYSSES XS 12X 1200'),
(1830, 133, '1.6 STANDARD'),
(1831, 133, ' SPORT'),
(1832, 133, ' STAR I'),
(1833, 133, ' STAR II'),
(1834, 133, ' STAR II TOP'),
(1835, 133, ' TOP'),
(1836, 134, 'CANYON 500'),
(1837, 134, ' CANYON 600'),
(1838, 134, ' ELEFANT 750'),
(1839, 134, ' ELEFANT 900'),
(1840, 134, ' GRAND CANYON 900'),
(1841, 134, ' MITO 125'),
(1842, 134, ' NAVIGATOR 1000'),
(1843, 134, ' PLANET 125'),
(1844, 134, ' RAPTOR 125'),
(1845, 134, ' RAPTOR 650'),
(1846, 134, ' ROADSTER 200'),
(1847, 134, ' SUPER CITY 125'),
(1848, 134, ' V-RAPTOR 1000'),
(1849, 134, ' W-16 600'),
(1850, 134, ' XTRA-RAPTOR 1000'),
(1851, 135, 'MOBILETE 50'),
(1852, 136, 'PHOENIX 200'),
(1853, 137, 'ALTINO 100'),
(1854, 137, ' MESSAGE 50'),
(1855, 137, ' VC 125 ADVANCED'),
(1856, 137, ' VF 125'),
(1857, 137, ' VL 125 DAYSTAR'),
(1858, 137, ' VS 125'),
(1859, 137, ' VT 125 MAGMA'),
(1860, 138, 'APACHE RTR 150'),
(1861, 138, ' CITYCOM 300 I'),
(1862, 138, ' KANSAS 150'),
(1863, 138, ' KANSAS 250'),
(1864, 138, ' LASER 150'),
(1865, 138, ' SMART 125'),
(1866, 138, ' SPEED 150'),
(1867, 138, ' SUPER 100'),
(1868, 138, ' SUPER 50'),
(1869, 138, ' ZIG 110'),
(1870, 139, 'DY 110-6'),
(1871, 139, ' DY 125-8'),
(1872, 139, ' DY 125T-10'),
(1873, 139, ' DY 150-7'),
(1874, 139, ' DY 150-9'),
(1875, 139, ' DY 150GY'),
(1876, 139, ' DY 150ZH'),
(1877, 139, ' DY 250-2'),
(1878, 140, 'ATLANTIS'),
(1879, 140, ' GPR 50R'),
(1880, 140, ' PREDADOR AR'),
(1881, 140, ' PREDATOR LC'),
(1882, 140, ' SENDA 125R'),
(1883, 142, 'MIRAGE'),
(1884, 142, ' ONE'),
(1885, 142, ' ONE RACING'),
(1886, 143, '150 ADVENTURE'),
(1887, 143, '250 ELITE'),
(1888, 143, '49 AIR'),
(1889, 144, 'FY 100-10A'),
(1890, 144, ' FY 125-19'),
(1891, 144, ' FY 125-20 SACHS'),
(1892, 144, ' FY 125EY-2'),
(1893, 144, ' FY 125Y-3'),
(1894, 144, ' FY 150-3'),
(1895, 144, ' FY 150T-18'),
(1896, 144, ' FY 250'),
(1897, 145, 'GR 08T4'),
(1898, 145, ' GR 125S'),
(1899, 145, ' GR 125ST'),
(1900, 145, ' GR 125T3'),
(1901, 145, ' GR 125T3 TINA'),
(1902, 145, ' GR 125U'),
(1903, 145, ' GR 125Z'),
(1904, 145, ' GR 150P'),
(1905, 145, ' GR 150ST'),
(1906, 145, ' GR 150T3'),
(1907, 145, ' GR 150TI'),
(1908, 145, ' GR 150U'),
(1909, 145, ' GR 250T3'),
(1910, 145, ' GR 250V'),
(1911, 145, ' GR 500ATV'),
(1912, 146, 'EC 125'),
(1913, 146, ' EC 200'),
(1914, 146, ' EC 200 HOBBY'),
(1915, 146, ' EC 250'),
(1916, 146, ' EC 250 F '),
(1917, 146, ' EC 300'),
(1918, 146, ' EC 400 FSE'),
(1919, 146, ' EC 450'),
(1920, 146, ' EC 50 ROOKIE'),
(1921, 146, ' FSE 450'),
(1922, 146, ' FSR 450'),
(1923, 146, ' MC 125'),
(1924, 146, ' MC 250'),
(1925, 146, ' PAMPERA 125'),
(1926, 146, ' PAMPERA 250'),
(1927, 146, ' PAMPERA 450'),
(1928, 146, ' SM 125'),
(1929, 146, ' SM 250'),
(1930, 146, ' SM 450'),
(1931, 146, ' SM 450 FSE'),
(1932, 146, ' SM 50'),
(1933, 146, ' TX BOY 50'),
(1934, 146, ' TXT 125 PRO'),
(1935, 146, ' TXT 200 Contact'),
(1936, 146, ' TXT 280'),
(1937, 146, ' TXT 280 Contact'),
(1938, 146, ' TXT 280 PRO'),
(1939, 146, ' TXT 321 Contact'),
(1940, 146, ' TXT 50 ROOKIE'),
(1941, 146, ' TXT BOY 50'),
(1942, 146, ' TXT PRO 250 '),
(1943, 146, ' TXT PRO 300'),
(1944, 147, 'NEXUS 500'),
(1945, 148, 'EASY 110'),
(1946, 148, ' RUNNER 125'),
(1947, 148, ' SAFARI 150'),
(1948, 148, ' SPORT 150'),
(1949, 149, 'STELVIO 1200 ABS'),
(1950, 150, 'HB 110-3'),
(1951, 150, ' HB 125-9'),
(1952, 150, ' HB 150'),
(1953, 150, ' HB 150T'),
(1954, 150, ' HB 50Q'),
(1955, 152, 'LEGION 125'),
(1956, 154, 'FE 400'),
(1957, 154, 'FE 501'),
(1958, 154, 'FE 550E'),
(1959, 155, '510 CONTINENTAL'),
(1960, 155, ' CR 125'),
(1961, 155, ' CR 250'),
(1962, 155, ' HUSQY BOY J'),
(1963, 155, ' HUSQY BOY R'),
(1964, 155, ' HUSQY BOY S'),
(1965, 155, ' SM 125S'),
(1966, 155, ' SM 450R'),
(1967, 155, ' SM 450RR'),
(1968, 155, ' SM 510R'),
(1969, 155, ' SM 610'),
(1970, 155, ' SM 610S'),
(1971, 155, ' SMR 570R'),
(1972, 155, ' SMR 630'),
(1973, 155, ' TC 250'),
(1974, 155, ' TC 450'),
(1975, 155, ' TC 510'),
(1976, 155, ' TC 570'),
(1977, 155, ' TE 250'),
(1978, 155, ' TE 400'),
(1979, 155, ' TE 410'),
(1980, 155, ' TE 410E'),
(1981, 155, ' TE 450'),
(1982, 155, ' TE 510'),
(1983, 155, ' TE 570'),
(1984, 155, ' TE 610'),
(1985, 155, ' TE 610E'),
(1986, 155, ' WR 125'),
(1987, 155, ' WR 125 CUP'),
(1988, 155, ' WR 250'),
(1989, 155, ' WR 360'),
(1990, 155, ' WRE 125'),
(1991, 156, 'ACTION 100 ES'),
(1992, 156, ' ACTION 100 ESA'),
(1993, 156, ' BRAVE 150'),
(1994, 156, ' BRAVE 450R'),
(1995, 156, ' BRAVE 70'),
(1996, 156, ' MATRIX 150'),
(1997, 156, ' MOVING 125 ES'),
(1998, 156, ' MOVING 125 ESD'),
(1999, 156, ' ONE 125 ES'),
(2000, 156, ' ONE 125 ESD'),
(2001, 156, ' ONE 125 EX'),
(2002, 156, ' VINTAGE 150'),
(2003, 156, ' WARRIOR 250'),
(2004, 156, ' WARRIOR 400 4x4'),
(2005, 156, ' WARRIOR 700 4x4'),
(2006, 157, '350 CHOPPER'),
(2007, 158, 'JP 150'),
(2008, 159, 'ATLANTIC 150'),
(2009, 159, ' ATLANTIC 250'),
(2010, 159, ' HYPE 110'),
(2011, 159, ' HYPE 50'),
(2012, 159, ' JONNY 50'),
(2013, 159, ' ORBIT 150'),
(2014, 159, ' PEGASUS 150'),
(2015, 159, ' QUICK 150'),
(2016, 159, ' TR 150'),
(2017, 160, '125 K-LOG'),
(2018, 160, ' 125 K-TOP'),
(2019, 160, ' 125 TOP'),
(2020, 160, ' 250 DUAL'),
(2021, 160, ' LJ-16'),
(2022, 163, 'DJW 50'),
(2023, 163, ' M BOY 90'),
(2024, 163, ' PEOPLE 50'),
(2025, 163, ' ZING 150'),
(2026, 164, 'VIP 350 EL'),
(2027, 165, '990 ADVENTURE ABS DAKAR'),
(2028, 165, ' ADVENTURE 640'),
(2029, 165, ' ADVENTURE 950'),
(2030, 165, ' ADVENTURE 990'),
(2031, 165, ' ADVENTURE 990 DAKAR'),
(2032, 165, ' DUKE 640'),
(2033, 165, ' DUKE II 640'),
(2034, 165, ' ENDURO 690'),
(2035, 165, ' ENDURO 690R'),
(2036, 165, ' EXC 125'),
(2037, 165, ' EXC 200'),
(2038, 165, ' EXC 250'),
(2039, 165, ' EXC 250 2T'),
(2040, 165, ' EXC 250 4T'),
(2041, 165, ' EXC 250F'),
(2042, 165, ' EXC 300'),
(2043, 165, ' EXC 380'),
(2044, 165, ' EXC 400'),
(2045, 165, ' EXC 450'),
(2046, 165, ' EXC 450R'),
(2047, 165, ' EXC 520'),
(2048, 165, ' EXC 525'),
(2049, 165, ' EXC 530R'),
(2050, 165, ' LC4 640'),
(2051, 165, ' RC8 1190'),
(2052, 165, ' RC8 R'),
(2053, 165, ' SC 400'),
(2054, 165, ' SC 620'),
(2055, 165, ' SUPER ENDURO 950'),
(2056, 165, ' SUPERDUKE 990'),
(2057, 165, ' SUPERMOTO 690'),
(2058, 165, ' SUPERMOTO 950R'),
(2059, 165, ' SUPERMOTO 990T'),
(2060, 165, ' SX 125'),
(2061, 165, ' SX 150'),
(2062, 165, ' SX 250'),
(2063, 165, ' SX 250F'),
(2064, 165, ' SX 350F'),
(2065, 165, ' SX 450'),
(2066, 165, ' SX 450F'),
(2067, 165, ' SX 50'),
(2068, 165, ' SX 65'),
(2069, 165, ' SX 85'),
(2070, 165, ' SXC 520'),
(2071, 165, ' SXC 625'),
(2072, 165, ' XCF 250W'),
(2073, 166, 'AKROS 50'),
(2074, 166, ' AKROS 90'),
(2075, 166, ' ERGON 50'),
(2076, 166, ' NIX 50'),
(2077, 166, ' PALIO 50'),
(2078, 167, 'LD 150'),
(2079, 168, 'ML 200 CHOPPER'),
(2080, 169, 'LY 125T-5 '),
(2081, 169, ' LY 150T-5'),
(2082, 169, ' LY 150T-6A'),
(2083, 169, ' LY 150T-7A'),
(2084, 169, ' ZN 151F DELUXE'),
(2085, 169, ' ZN 152F DELUXE'),
(2086, 170, 'CIAK MASTER 200'),
(2087, 170, 'FIREFOX F15'),
(2088, 170, 'GRIZZLY 12'),
(2089, 170, 'PASSWORD 250'),
(2090, 170, 'SPIDERMAX GT500'),
(2091, 171, 'MBW125'),
(2092, 171, 'MBW150'),
(2093, 171, 'MBW250'),
(2094, 171, 'MBW50'),
(2095, 171, 'MBWSUPER150'),
(2096, 172, 'DRAGOLJ150-7'),
(2097, 172, 'EASYLJ110-10'),
(2098, 172, 'FASTLJ150-2'),
(2099, 172, 'SKEMALJ125-6'),
(2100, 172, 'VITELJ150T-7'),
(2101, 173, 'H6'),
(2102, 174, 'BELLAGIO'),
(2103, 174, 'CALIFÓRNIAEV'),
(2104, 174, 'CALIFÓRNIAJACKAL'),
(2105, 174, 'CALIFÓRNIASPECIAL'),
(2106, 174, 'CALIFÓRNIASTONE'),
(2107, 174, 'QUOTA1100ES'),
(2108, 174, 'V11LEMANS'),
(2109, 174, 'V11SPORT'),
(2110, 175, 'CUB110'),
(2111, 175, 'S1000'),
(2112, 175, 'S500'),
(2113, 175, 'S800'),
(2114, 175, 'SCO150'),
(2115, 175, 'SCO50'),
(2116, 175, 'SS500'),
(2117, 175, 'SS800'),
(2118, 175, 'V1500'),
(2119, 175, 'V500'),
(2120, 176, 'MOTOVI 1200'),
(2121, 177, '230SUPERMOTARD'),
(2122, 177, '230RSUPERCROSS'),
(2123, 177, 'BLACKJACK'),
(2124, 178, 'BRUTALE910'),
(2125, 178, 'BRUTALE910R'),
(2126, 178, 'BRUTALE910S'),
(2127, 178, 'BRUTALEAMERICA'),
(2128, 178, 'BRUTALEGLADIO'),
(2129, 178, 'BRUTALES'),
(2130, 178, 'BRUTALESTARFIGHTER'),
(2131, 178, 'BRUTALESTARFIGHTERTITANIUMR'),
(2132, 178, 'F410001+1'),
(2133, 178, 'F41000R'),
(2134, 178, 'F41000R1+1'),
(2135, 178, 'F41000S'),
(2136, 178, 'F4312R'),
(2137, 178, 'F4312R1+1'),
(2138, 178, 'F4750'),
(2139, 178, 'F4750S'),
(2140, 178, 'F4CORSE'),
(2141, 178, 'F4MAMBA'),
(2142, 178, 'F4SENNA'),
(2143, 178, 'F4TAMBURINI'),
(2144, 178, 'F4VELTRO'),
(2145, 179, 'BIGFORCE250'),
(2146, 179, 'BIGFORCE250II'),
(2147, 179, 'BLACKJACK'),
(2148, 179, 'BLACKSTAR125'),
(2149, 179, 'BLACKSTAR150'),
(2150, 179, 'BRX140'),
(2151, 179, 'BRX250'),
(2152, 179, 'DUAL200'),
(2153, 179, 'FENIX200'),
(2154, 179, 'FENIXGOLD'),
(2155, 179, 'FOX100'),
(2156, 179, 'FOX110'),
(2157, 179, 'GO100'),
(2158, 179, 'HALLEY150'),
(2159, 179, 'HALLEY200'),
(2160, 179, 'JURASIC300'),
(2161, 179, 'MA1003B'),
(2162, 179, 'MA125GY'),
(2163, 179, 'SIMBA50'),
(2164, 179, 'SPORT110'),
(2165, 179, 'SPORT150'),
(2166, 179, 'SPYDER270'),
(2167, 179, 'SPYDER320'),
(2168, 179, 'STREET150'),
(2169, 179, 'SUPER125'),
(2170, 179, 'SUPERX125R'),
(2171, 179, 'WY50QT-3SCOOTER'),
(2172, 179, 'X-CAPE200'),
(2173, 179, 'XRT110'),
(2174, 180, 'AX100'),
(2175, 180, 'AX100-A'),
(2176, 180, 'JC125'),
(2177, 180, 'JC125-2'),
(2178, 180, 'JC125-8'),
(2179, 180, 'QM50'),
(2180, 181, 'BR III'),
(2181, 182, 'BUXY50'),
(2182, 182, 'ELYSEO125'),
(2183, 182, 'SCOOTELEC'),
(2184, 182, 'SPEEDAKE50'),
(2185, 182, 'SPEEDFIGHT100'),
(2186, 182, 'SPEEDFIGHT50'),
(2187, 182, 'SPEEDFIGHT50LC'),
(2188, 182, 'SQUAB50'),
(2189, 182, 'TREKKER100'),
(2190, 182, 'VIVACITY50'),
(2191, 182, 'ZENITH50');
INSERT INTO `tbl_modelos` (`id`, `marca`, `modelo`) VALUES
(2192, 183, 'BEVERLY200'),
(2193, 183, 'BEVERLY250'),
(2194, 183, 'BEVERLY500'),
(2195, 183, 'BEVERLYCRUISER250'),
(2196, 183, 'BEVERLYCRUISER500'),
(2197, 183, 'BEVERLYTOURER300'),
(2198, 183, 'LIBERTY200'),
(2199, 183, 'LIBERTYS200'),
(2200, 183, 'MODELOBERVELY500'),
(2201, 183, 'MP3400RL'),
(2202, 183, 'NRGMC3DD'),
(2203, 183, 'RUNNER50'),
(2204, 183, 'VESPAGTS250I.E'),
(2205, 183, 'VESPAGTS250I.EABS'),
(2206, 183, 'VESPAGTV250I.E'),
(2207, 183, 'VESPALX125'),
(2208, 183, 'VESPALX150'),
(2209, 183, 'VESPAPX150ORIGINALE'),
(2210, 183, 'VESPAPX200'),
(2211, 183, 'ZIP50'),
(2212, 184, 'TRAIL BROSS 325'),
(2213, 185, 'BLACKJACK'),
(2214, 185, 'FENIXGOLD'),
(2215, 185, 'GHOST'),
(2216, 185, 'GHOST320'),
(2217, 185, 'SPYDER270'),
(2218, 185, 'SPYDER320'),
(2219, 186, 'TRC01 VERSÃO I'),
(2220, 186, 'TRC01 VERSÃO II'),
(2221, 187, 'MADASS'),
(2222, 188, 'ENJOY50'),
(2223, 188, 'HUSKY150'),
(2224, 188, 'PASSING110'),
(2225, 189, 'WY150-EX'),
(2226, 189, 'XY50Q'),
(2227, 189, 'XY50QPHOENIX'),
(2228, 189, 'XY110-VWAVE'),
(2229, 189, 'XY125-14'),
(2230, 189, 'XY150-5SPEED'),
(2231, 189, 'XY150-STA'),
(2232, 189, 'XY150GY'),
(2233, 189, 'XY200lll'),
(2234, 189, 'XY200-5'),
(2235, 189, 'XY250STVI'),
(2236, 189, 'XY250-5'),
(2237, 189, 'XY50Q-2'),
(2238, 190, 'AKROS 50'),
(2239, 193, 'BESTJH125G'),
(2240, 193, 'CJ50F'),
(2241, 193, 'FLYJH125L'),
(2242, 193, 'JH50'),
(2243, 193, 'JH70'),
(2244, 193, 'JH70III'),
(2245, 193, 'JOTO125'),
(2246, 193, 'JOTO135'),
(2247, 193, 'MONTEZ250'),
(2248, 193, 'PRINCEJL110-11'),
(2249, 193, 'SHARK250'),
(2250, 193, 'SKYJL110-3'),
(2251, 193, 'SKYJL110-8'),
(2252, 193, 'STARJL50Q-2'),
(2253, 193, 'VICO'),
(2254, 193, 'WORK125'),
(2255, 195, 'PHANTERAGT5'),
(2256, 195, 'PHANTOMGT5'),
(2257, 195, 'PHANTOMR4'),
(2258, 195, 'REBELLIAN'),
(2259, 195, 'TRITONGT5'),
(2260, 195, 'TRITONR4'),
(2261, 195, 'WORKMAN'),
(2262, 195, 'ZIPGT5TURBOCAM'),
(2263, 195, 'ZIPR3ITURBOCAM'),
(2264, 196, 'WY125-ESD'),
(2265, 196, 'WY125-ESDPLUS'),
(2266, 196, 'WY150-EX'),
(2267, 198, 'YG200-9'),
(2268, 199, 'CHOPPER COBRA'),
(2269, 200, 'FOREST 150'),
(2270, 200, 'ZY 125 T5');

-- --------------------------------------------------------

--
-- Estrutura da tabela `tbl_tipo`
--

CREATE TABLE IF NOT EXISTS `tbl_tipo` (
  `t` smallint(3) NOT NULL AUTO_INCREMENT,
  `tipo` varchar(40) NOT NULL,
  PRIMARY KEY (`t`)
) ENGINE=InnoDB  DEFAULT CHARSET=latin1 AUTO_INCREMENT=3 ;

--
-- Extraindo dados da tabela `tbl_tipo`
--

INSERT INTO `tbl_tipo` (`t`, `tipo`) VALUES
(1, 'Carro'),
(2, 'Moto');
